title,content,date,url
아조나치약? 입냄새 고민에 바꿔본 다른선택,"[입냄새 때문에 진짜 사람 미치게 만드는 상황,겪어본 사람만 안다...나 진짜 평소에 엄청 조심하는 편인데도,어느 순간부터 입에서 이상한 냄새가 나는 느낌이 드는 거임.마스크 쓰고 있을 땐 몰랐는데,벗고 사람 앞에서 얘기할 때마다 자꾸 눈치 보이기 시작했고...심지어 친구가 농담처럼""너 혹시 요즘 마늘 좀 쎄게 먹냐?""하는 순간, 아... 이건 아니다 싶었다.  원래는 그냥 양치 꼼꼼히 하고,가글도 종종 쓰고, 민트 캔디 같은 걸로 버티는 식이었는데 그게 잠깐일 뿐이고,금방 다시 올라오는 듯한 느낌?이게 진짜 은근 스트레스였다ㅠㅠㅠ  -아조나치약 사용 시작-  그래서 찾아보게 된 게 바로 아조나치약.그러다 이게 단순한 입냄새 문제가 아니라잇몸 상태랑도 관련 있을 수 있다는 얘길 듣고 좀 찾아봤음.치약이 컴팩트한게 아주 귀여웠음 !     그렇게 한 달정도 사용했는데도 나에게는 별로 효과가 없었다.친구한테도 물어봄.. 아직 마늘냄새 나냐고 ㅋㅋㅋ아직 난다더라,,     아, 물론 아조나치약을 쓰고 조금 개운한 감도 있었지만 ..장기적으로 쓰기에 가격이 좀 부담되고, 더 오래써야하는 걸지도 모르겠지만.. 아무튼 그래서 대놓고 자연성분을 유래로한 치약 같은 걸로구강 관리를 다시 시작해보자 싶었던 거였음.  -편림오일 치약 사용 시작-  그러다 이게 단순한 입냄새 문제가 아니라잇몸 상태랑도 관련 있을 수 있다는 얘길 듣고 좀 찾아봤음.내 경우 잇몸에서 피 나는 일도 종종 있었고,가끔은 잇몸이 붓고 욱신거리기도 했었거든.그래서 찾아보게 된 게 바로 편림오일치약 임..   그냥 치약 하나 바꾸는 건데 뭐 얼마나 다를까 싶었는데,편림오일이라는 게 뭔가 싶어서 좀 알아봤더니 꽤 재밌더라.피톤치드 성분이 유해균 부착 막아준다고 하는데그 원리가 좀 신기했음편백나무 중심부에서만 추출한 오일이라는데...이게 80년 넘은 나무에서만 나온다더라;; 아무튼 특이했음.그렇게 남아있는 아조나치약 마저 쓰고 바꿔봄   -편림오일치약  효과 관찰-처음 한 3일 정도는 딱히 큰 차이는 모르겠더라.근데 그게 바로 편림오일치약의 한계인듯... 싶었는데,   일주일 정도 지나면서 느낌이 달라지기 시작함. 일단 아침에 일어났을 때 입안 텁텁한 거? 그게 덜해졌고,입냄새도 뭔가 예전처럼 진하게 올라오는 느낌이 없어짐.입냄새 97% 감소라는 말, 괜히 나온 게 아닌가 싶더라ㅎ_ㅎ  2주쯤 됐을 때는 진짜 친구가 먼저 ""야 너 요즘 입에서 이상한 냄새 안 나네?"" 이러는데 진짜 울 뻔했음ㅋㅋㅋ 찐친이라서 이런거 말해주는 사이임 ㅋ 나름 티 안 나게 신경 쓰던 건데...알아봐 주니까 진짜 날치알처럼 터지는 감동이었음ㅠㅠㅠ  -잇몸도 달라졌다-그냥 입냄새만 줄어든 게 아니고, 잇몸 상태도 진짜 달라졌음.피나는 것도 덜하고, 전에는 양치할 때 자꾸 피가 고여서 찝찝했는데요즘은 그런 게 싹 사라짐.치은염 같은 거 꾸준히 겪던 사람이라면 아마 공감할걸?여기 들어있는 편림오일 덕분에 진지발리스균 같은 잇몸 유해균 99% 감소한다는데,그거 때문인 것 같기도 함.이게 그냥 마케팅 문구인 줄 알았는데... 써보니까 느껴지더라. 아무튼 그 와중에 이게 무불소치약이라는 것도 괜찮았음.불소 들어있는 거 은근 거슬렸는데,이건 그런 거 없이도 구강관리 되는 느낌이라 신기했음.오일풀링 귀찮아서 못하던 나같은 사람한테는 진짜 한줄기 빛이었음ㅋㅋㅋ  -사용법은 간단함-  솔직히 사용하는 건 그냥 아조나치약처럼 쓰면 됨.특별한 방법도 없고, 칫솔에 짜서 아침저녁으로 꼼꼼하게 닦기만 했음.양 조절도 크게 고민할 거 없이, 평소 쓰던 만큼만 써도 됐고.향은 은은하게 숲냄새 나는 느낌? 개운하긴 했음.그리고 이게 실제 후기 6000개 넘는 거 보고 나도 혹했는데...사람들 말대로 일단 써볼만은 하다 싶었음.생각보다 편림오일 치약이라는 제품이 대중적으로 알려져 있진 않았는데,써본 사람들은 거의 다 입모아 괜찮다고 하길래...웬걸, 나도 동참하게 됐고 지금은 입소문 내는 중임ㅎ  -이전 제품들과 비교해보면-솔직히 전엔 약국에서 파는 잇몸케어 치약도 써보고,유명하다는  아조나치약도 써봤는데... 효과가 오래 안 갔음.특히 오일풀링은 아침마다 하다 지쳐서 포기했었음ㅠ근데 편림오일 치약은 그런 번거로움 없이도 입냄새랑 잇몸 둘 다 챙길 수 있다는 게 좋았음.아쉬운 점이라면 인터넷으로만 구매가능하다는 점? 근데 뭐 요새 인터넷쇼핑 워낙 잘되어있으니.. 이 정도는 감수할만한 수준인듯.유사한 제품이랑 비교해도, 편림오일처럼 원재료부터 특별한 경우는 흔치 않다보니...  -현재 상태 정리하자면-지금은 확실히 예전보다 입안 상태가 좋아짐.입냄새 걱정도 거의 사라져서 사람들 앞에서 말할 때 신경 덜 쓰게 됐고,잇몸도 튼튼해진 느낌이라 만족스럽다.편림오일치약덕분에 한동안 나를 괴롭히던 문제 하나는 해결된 듯!물론, 아조나치약이 더 맞는사람이 있을 수도 있으니 다양하게 써보는 것도 추천. 하지만 난 편림오일치약으로 앞으로도 꾸준히 써볼 생각 있음.혹시 나처럼 입냄새나 잇몸 문제 겪고 있는 사람 있다면,그냥 일단 써보라고 하고 싶다.생각보다 간단한 변화가 꽤 큰 차이를 만들어줌ㅋㅋㅋ  그럼 오늘 글 끝!!!😁#아조나치약  ]",20250523,https://blog.naver.com/lastellanail/223875073638
독일 아조나 치약 직구 손쉽게 하는법,"[안녕하세요 솨임당!오늘은 제가 요즘 너무 잘 쓰고 있는 치약 하나를 소개해보려고 해요요즘 입소문 타고 은근히 인기 많은 독일 무불소 치약인데, 저는 요걸 무려 개당 2,500원도 안 되는 가격에 직구로 구했답니다그것도 너무너무 간편하게, 클릭 몇 번이면 끝나는 크로켓 직구로요이번 포스팅의 핵심은 바로 이거예요 — ‘이 좋은 걸 이 가격에?!’ 싶은 ‘독일 아조나 치약 직구’ 이야기 시작해볼게요! 왜 독일 아조나 치약 직구를 하게 되었냐면요평소에 무불소 치약을 선호하던 저는 요즘 유난히 예민해진 잇몸 때문에 치약을 좀 바꿔볼까 고민 중이었어요그러다가 우연히 발견한 게 바로 이 아조나 치약! 게다가 _25ml 소용량_이라 여행용으로도 좋고, 휴대까지 간편하다니 호기심이 생기더라고요 근데 이게 또 독일 제품이라 국내에서는 생각보다 가격이 좀 나가는 편이더라고요그러다 크로켓이라는 직구 사이트를 알게 됐고, 뭐야 이 가격 실화야? 싶었어요무려 개당 2,500원 이하!! 이런 직구 꿀팁은 나만 알 수 없잖아요ㅎㅎ 그래서 공유하러 왔습니다 :) 🇩🇪독일 아조나 치약 54% OFF아조나 치약 반값 특가!click.croket.co.kr크로켓 사이트에 들어가면 아조나 치약이 다양한 수량 구성으로 되어 있어서 취향껏 고르면 되더라고요보통 여러 개 묶음으로 사면 더 저렴하게 살 수 있더라구요 현재 크로켓 홈페이지에서 아조나 치약 12개에 29,900원에 구매가 가능한데요!그럼 한 개에 2491원꼴이에요!국내 약국에서 작은 치약 하나 사도 3~4천 원은 기본인데, 이건 무려 독일산 명품 치약인데도 이 가격이라니 안 살 이유가 없었어요 독일 아조나 치약의 특별한 점 2가지저는 처음에 이 치약이 25ml짜리 미니 사이즈인 걸 보고 ‘금방 다 쓰겠네’ 싶었거든요근데 생각보다 엄청 오래 가요 그 이유는 바로 사용량이 정말 정말 적기 때문이에요! 25ml 소형 튜브이지만 1~2g 정도만 사용해도 충분하다고 해요덕분에 150회 이상 사용 가능하니까 사실상 일반 치약 튜브 한 개와 맞먹는 수준이에요그래서 요 치약은 출장 자주 가시는 분들, 기내용 파우치에 치약 챙기기 애매했던 분들께 진짜 강력 추천해요 또 하나 특이한 점은, 무불소 치약이라는 거예요요즘 아이들 치약이나 임산부용 치약 찾다 보면 무불소 제품 찾기 힘들잖아요이 아조나 치약은 불소 무첨가라서 보다 순하게 사용하고 싶은 분들께 잘 맞는 것 같아요불소를 피하고 싶은 분들, 또는 자연주의 치약 선호하시는 분들께 독일 아조나 치약 직구는 정말 좋은 선택이 될 거예요 처음 사용할 때, 일반 치약처럼 막 짜내다가는 ‘어라? 이거 너무 진한데?’ 싶을 수 있어요그만큼 이 치약은 농축되어 있어서 1~2g 정도만 사용해도 충분히 클렌징이 가능하다고 해요패키지도 앙증맞고 귀여운 사이즈!하얀 튜브에 심플한 디자인으로, 깔끔한 독일 감성 느껴져요파우치에 쏙 들어가는 미니 사이즈라 평소에도 사무실 책상 서랍이나 차 안에 하나씩 두기 딱 좋더라고요개인적으로 여행갈 때 마트에서 파는 3개 1천원짜리 여행용 치약 말고, 이렇게 좋은 성분으로 꽉 채운 프리미엄 미니 치약이 너무 만족스러웠어요 저는 보통 콩알만큼 짜서 칫솔에 묻히고 살살 닦아주는데 거품도 적당히 나고 개운한 느낌이에요처음엔 양이 너무 적은 듯해서 걱정했는데, 쓰다 보니 이게 정량이라는 걸 알겠더라고요그만큼 경제적이기도 하니 독일 아조나 치약 직구하신 분들은 꼭 적정량만 사용해보세요! 진짜 딱 이 정도 양이어도 충분히 개운하게 양치가 가능하다는 점!저도 처음에는 선물받아서 사용했다가 한 번 쓰고 나니까 이 개운함에서 헤어나오질 못하겠더라구요  향은 약간 민트 계열인데 과하지 않아서 아침 공복에 써도 부담 없고, 양 조절만 잘하면 거품도 심하지 않아서 전 마음에 들었어요무엇보다 입안에 텁텁하게 남는걸 굉장히 싫어하는 편인데그런 텁텁함이 없어서 좋아한답니다~! 			.pzp.pzp-pc--2d7b5349-21c5-4cad-bfa1-c0258715f6ec .pzp-pc__brand-playback-button {				width: 104px;				height: 104px;			}			.pzp.pzp-pc--2d7b5349-21c5-4cad-bfa1-c0258715f6ec .pzp-pc__brand-playback-button .pzp-ui-icon {				width: 104px;				height: 104px;			}			.pzp-pc--2d7b5349-21c5-4cad-bfa1-c0258715f6ec.pzp-pc--filter .webplayer-internal-video {				filter: url(#pzp-filter--2d7b5349-21c5-4cad-bfa1-c0258715f6ec);			}		          				0초			       				0초			 .pzp .pzp-poster--2d7b5349-21c5-4cad-bfa1-c0258715f6ec.pzp-poster--loaded {background-image: url(""https://phinf.pstatic.net/image.nmv/blog_2025_07_01_2931/ugzI5Nmi82_03.jpg"");background-size: contain;background-position: center;background-repeat: no-repeat;}  광고 후 계속됩니다.     다음 동영상 subject author      			취소		   		독일 아조나 치약 직구	 	재생  1 	좋아요  0 좋아요      공유하기                                   재생 (space/k)   재생 	00:15          			0:00:00		            재생 (space/k)   재생 음소거 (m)         음소거     	00:00 / 	00:15 실시간      설정       전체 화면 (f)                      해상도                 자동 480p                 자막                사용 안함                 재생 속도                1.0x (기본)          해상도   			자동 (480p) 		    			720p 		 HD    			480p 		    			270p 		    			144p 		     자막 	설정  			사용 안함		      옵션  글자 크기    배경색    재생 속도   0.5x 1.0x (기본) 1.5x 2.0x          죄송합니다. 문제가 발생했습니다. 다시 시도해 주세요.   					도움말				     			음소거 상태입니다.		             도움말                    라이센스         				고화질 재생이 가능한 영상입니다.				설정에서 해상도를 변경해보세요.			 더 알아보기 	00:00                         접기/펴기독일 아조나 치약 직구#독일아조나치약직구 이 가격이면 무조건 직구각!정리하자면, 독일 아조나 치약 직구는✔ 무불소 치약이라 안심하고 사용 가능✔ 25ml 소형 튜브지만 150회 이상 사용 가능해서 실속 있음✔ 개당 2,500원 이하, 말도 안 되는 가성비✔ 크로켓 사이트 이용하면 회원가입 없이 간편 결제 가능  저는 다음 여행 앞두고 몇 개 더 쟁여두려고요혹시 평소에 무불소 치약 찾고 계셨거나, 기내용 치약 알아보셨던 분들 계시다면이번 기회에 꼭 독일 아조나 치약 직구로 합리적인 소비 해보셨으면 좋겠어요오늘도 좋은 소비, 현명한 선택 하시길 바랍니다 :)그럼 리뷰를 마치도록 할게요~! ]",20250701,https://blog.naver.com/sohwa91/223918266295
"리스트 독일 기념품(발레아 앰플, 감기차, 영양제, 아조나 치약)","[독일 여행에서 빠질 수 없는 DM 쇼핑! 독일 DM은 우리나라 올리브영 같은 드럭스토어이다. 현지인은 물론이고 대부분의 관광객들이 DM에서 쇼핑을 많이 하는 것 같다. 독일 여행을 한다면 한번쯤 꼭! 들려 줘야 하는 곳 :) 특이한 파스타면이 있으면 하나 살까 싶었지만 딱히 없었다. 그래도 현지 마트 구경하는 건 잼나지~ 독일 DM 쇼핑 리스트로 유명한 발레아 앰플! 가성비가 좋아서 선물용으로도 많이 구입한다고들 한다. 나도 살까? 카트에 엄청 담았는데 우리나라에도 좋은 화장품 많으니까 걍 안샀다ㅋㅋ 암튼 이건 보이면 꼭 사라고 하네요.. DM에서 가장 인기있는 코너는 바로 요기! 독일은 허브차, 감기차가 굉장히 유명하다. 독일에서는 감기에 걸려서 병원에 가면 ""집에 가서 차 드세요"" 하고 돌려 보낸다고ㅋㅋ 사람들이 얼마나 차를 많이 사는지 재고가 많이 없는 차도 있었다. 암튼.. 독일 DM에는 허브차 종류가 진짜 진짜 많아효.. 미리 뭐살지 찾아가는 걸 추천하고 싶다. 			.pzp.pzp-pc--62ebce3a-24c6-4da3-9d57-66d5517cfb17 .pzp-pc__brand-playback-button {				width: 104px;				height: 104px;			}			.pzp.pzp-pc--62ebce3a-24c6-4da3-9d57-66d5517cfb17 .pzp-pc__brand-playback-button .pzp-ui-icon {				width: 104px;				height: 104px;			}			.pzp-pc--62ebce3a-24c6-4da3-9d57-66d5517cfb17.pzp-pc--filter .webplayer-internal-video {				filter: url(#pzp-filter--62ebce3a-24c6-4da3-9d57-66d5517cfb17);			}		          				0초			       				0초			 .pzp .pzp-poster--62ebce3a-24c6-4da3-9d57-66d5517cfb17.pzp-poster--loaded {background-image: url(""https://phinf.pstatic.net/image.nmv/blog_2024_02_06_2731/fe7cfe3f-c4f5-11ee-83b3-48df37e2c0e2_01.jpg"");background-size: contain;background-position: center;background-repeat: no-repeat;}  광고 후 계속됩니다.     다음 동영상 subject author      			취소		   		독일 여행 DM 쇼핑 리스트(발레아 앰플, 감기차, 영양제, 아조나 치약	 	재생  140 	좋아요  1 좋아요      공유하기                                   재생 (space/k)   재생 	00:09          			0:00:00		            재생 (space/k)   재생 음소거 (m)         음소거     	00:00 / 	00:09 실시간      설정       전체 화면 (f)                      해상도       HD           720p                 자막                사용 안함                 재생 속도                1.0x (기본)          해상도   			1080p 		 HD    			720p 		 HD    			480p 		    			270p 		    			144p 		     자막 	설정  			사용 안함		      옵션  글자 크기    배경색    재생 속도   0.5x 1.0x (기본) 1.5x 2.0x          죄송합니다. 문제가 발생했습니다. 다시 시도해 주세요.   					도움말				     			음소거 상태입니다.		             도움말                    라이센스         				고화질 재생이 가능한 영상입니다.				설정에서 해상도를 변경해보세요.			 더 알아보기 	00:00                         독일 여행 DM 쇼핑 리스트(발레아 앰플, 감기차, 영양제, 아조나 치약 독일 허브차는 가격대도 무난무난쓰해서 독일여행 기념품이나 선물로 구입하기에도 좋은 것 같다. 내가 구입한 허브차는 Bad Heilbrunner, 바드 하일부르너 제품이다. Erkaltungs 라는 단어가 독일어로 감기라는 뜻이라고 함. 초록색이 감기차, 주황색이 감기+기관지 차, 빨간색이 혈액순환에 좋은 차이다. 감기차, 허브차 말고도 약이 유명하다고 해서 이것저것 엄청 담았다. 독일에 약사러 왔나요? 네니요. 요건 DM은 아니고 약국에 갔을 때 찍은 사진인데, 바이오엑트라가 있어서 찍어왔다. 가격은 한국에서 사는거랑 비슷해서 안샀음. 독일에서 좋은 영양제를 사고 싶다면 DM 말고 약국을 가라는 얘기를 들었을 정도로 약국에는 좀 더 전문적인 영양제가 많았다. 남편이랑 같이 먹을 오메가3. 알약이 작은 편이라 나도 먹기 좋을 것 같아서 여러개 샀다. 먹어보고 괜찮으면 직구해서 꾸준히 먹어볼 생각이다. 미볼리스 영양제도 몇개 구입했는데 이건 선물용~ 독일에 있는 동안 감기에 걸려서 밤마다 기침+기관지에 좋은 차를 마셨는데, 오! 생각보다 효과가 되게 좋았다. 뜨끈하게 한잔씩 먹고 자니까 아침에 일어났을 때 몸이 한결 가벼웠음. 왜 많이들 사오는지 알겠더라눙. 요게 감기에 좋은 허브티.  요게 기침+기관지에 좋은 허브티. 곰돌이가 그러져 있는 제품은 어린이용이다. 애기들은 약을 잘 못먹으니까, 따땃하게 차 타주면 좋을 것 같다. 귀여버. 혈액순환에 좋은 차. 혈액순환 잘 안된다는 엄마 생각나서 냉큼 담았다. 이건 DM에서 산건 아니고(머쓱) 약국에서 산건데 말 그림이 그려져 있는 통증 완화 크림이다. 바르는 파스랑 비슷한 것 같은데 근육통에 좋다고 해서 사왔다. DM 말고 약국도 꼭 한번씩 가보세요~ 선물용으로 국룰인 발포비타민. 맹물 잘 못마시는 사람들에게 추천. 맛도 되게 다양하게 있길래 골고루 사왔다. 이거 말고도 더 샀는데 생각보다 무거워서 놀랬음.. 독일에서 유명한 아조나 치약! 한국에서도 구입할 수 있지만 독일에서 구입하면 훨씬 저렴하게 살 수 있으니 맛보기로 몇개만 사봤다. 사실 맘 같아선 쓸어담고 싶었는데 캐리어 무게 생각해서 많이 못샀다(ㅠ_ㅠ).. 입술 포진에 좋다는 젤도 하나 구입했다. 뭐 이것저것 담다보니 100유로는 아주 우습게 써버렸다ㅋㅋㅋ DM에서 꼭 사라는 누텔라 비스킷!! 요건 슈퍼에 가도 재고가 없길래 공항 면세점에서 샀다. 슈퍼에서 보이지 않다면 굳이 사려고 하지 마세요.. 공항에도 소량 있긴 있습니다.  호텔이 너무 건조하길래 쓰려고 산 발레아 앰플. 기분 탓인지는 모르겠는데 요거 바르니까 피부가 되게 쫀쫀한 느낌은 들었다. 저렴이 버전은 아니고 리프팅에 좋다는 앰플인데 생각보다는 가격대가 있었다. 리프팅에 관심 있다면 하나쯤 써봐도 괜찮을 것 같다. 한국에서도 구입할 수 있지만 꽤나 비쌈요. 또르르르 흘러내리는 제형은 아니고 살짝 꾸덕한 제형이랄까? 이건 슈퍼에서 구입한 것들. 동유럽에서 먹었던 굴라쉬가 먹고 싶어서 한번 만들어 보려고 사봤다.  슈퍼에서 산 귀여운 소스들. 우리나라처럼 물건이 떨어지면 물건을 바로바로 채워놓고 그런 스탈이 아니라, 보이면 보이는대로 그냥 사야된다. 공항에서 산 귀여운 파스타. 유럽여행 갔는데 이런 귀요미 파스타는 하나쯤 사와야지요. 영국에서는 빈티지 아이템도 득템했는데 조만간 올려봐야지. 독일여행 준비하는 분들에게 소소하지만 도움이 되었으면 합니다 :) 닝꼬ㅣ홈스타일링 &amp; 홈브런치(@ningggoring) • Instagram 사진 및 동영상팔로워 4,253명, 팔로잉 1,032명, 게시물 891개 - 닝꼬ㅣ홈스타일링 &amp; 홈브런치(@ningggoring)님의 Instagram 사진 및 동영상 보기www.instagram.com 닝꼬의 사부작사부작 사부작 우리의 공간과 일상을 채워나가요.www.youtube.com ]",20240207,https://blog.naver.com/haniyamyam/223346563350
독일 아조나 치약 직구 방법 및 사용법,"[아침/점심/저녁 그리고 중간에 간식 타임이든 입이 텁텁할 떄든 양치를 생활화 하고 있습니다. 특히나 저는 잇몸이 좀 예민한 탓에 치약 하나 선택할 적에도 꼼꼼히 따져보아 이왕이면 잇몸 건강에 도움이 되는 치약을 선택해 사용 중이예요. 요즘 제가 만족하며 사용하고 있는 불소치약독일 아조나 치약 사용후기 전해 볼까 하는데요, 그도 그럴 것이 독일 국민 치약독일 아조나 치약 직구로다가 크로켓에서 아주 저렴하게 만나볼 수 있으니 혹 과거의 저처럼 치약 유목민 분들이시라면  본 아조나 치약 후기를 참고하여꼭 한번 사용해 보셨으면 좋겠습니다 :) ▼독일 아조나 치약 직구 방법▼ 🇩🇪독일 아조나 치약 54% OFF아조나 치약 반값 특가!click.croket.co.kr 독일 아조나 치약 직구 방법을 통해 아조나 사이트에서 선택한 아조나 불소 치약은25ml의 사이즈로 높은 휴대성도 엿볼 수 있습니다. 아무것도 모르는 남편은 요 치약 보자마자 사이즈가 왜냥 작냐고 ㅎㅎ 금방 다 쓰겠다고 했지만 요 치약은 일반 불소 치약들 과는 전혀 다른걸요,아조나 치약 5배정도의 농축 치약이기에 소량껏 사용하여야 하며 저역시도 요 몇일 사용 중인데 아직도 그 25ml 아조나치약 용량이 줄지 않았어요^^;;; 독일에서 무려 70년 이상 사랑받아온 고농축 불소 치약은 국내에서 일명 빨간치약으로도 유명한 제품이더라구요?아니나 다를까 새빨간 패키지의 작은 튜브에 담긴 고불소 치약 저는 뭔가 일반 치약들과는 다른 유니크한 색감 &amp; 패키지도 은근히 맘에 쏙 들었달까요. 독일 아조나 치약은 구취 예방을 필두로 잇몸질환 예방 및 충치 예방, 치주질환 예방을 목적으로 개발되었다고 해요. 저의 경우 앞서 슬쩍 언급한 바 잇몸이 좀 예민하여 조금만 피곤해도 잇몸이 붓고 가끔은 피가 나는 탓에 잇몸건강에 도움을 주는 치약을 줄곧 사용하는데 특히 아조나 치약 속 카모마일 추출 성분인 비사보롤이 함유되어 잇몸 염증 예방을 비롯해 구취를 줄여주는데 아주 효과가 뛰어날 뿐더러 임플란트시 사용하기 좋은 무불소 치약이라길래 그 사용 전 부터 부쩍 기대가 들더랄까요. 독일 아조나 치약의 단점이라고 한다면 여러모로 사용감이 너무나도 좋은데 국내 마트에서는 구하기 어렵다는 점인데요, 그렇다고 요 치약 하나 사러 독일을 갈수도 없고 독일 여행가는 지인에게 매번 부탁할 수도 없고허나 이제는 아조나 치약 직구로 크로켓 사이트를 통해 개당 2500원 이하로 아주 저렴하게 만나볼 수 있으니 참고해 주세요!  기존 사용하는 국내 치약이 있지만 저는 아조나 불소 치약 배송 받자마자 사용해 봤어요~ 남편이 사용하던 치약 다 쓰고 사용하지 왜 새 치약 벌써 뜯냐고 핀잔을 주었지만 잇몸 건강에 부쩍이나 관심이 많은 저는 궁금한건 도저히 못 참는 성격이 있거든요 ㅎㅎ 아조나 치약 사용법! 이역시 앞서 언급한 바 고농축 치약이기에 일반 국내 치약들 사용량과는 달리 아주 소량껏, 보통 쌀알 크기 또는 콩알 크기 정도만 짜셔 사용하시면 됩니다.  양치 할 적에 저는 별도 물을 묻히진 않거든요, 어느정도 양치질을 하다보면 치약과 침이 결합해 거품이 생기는 것 같아서 별도 물을 묻혀 양치질을 하지 않음에도 불구하고 엄청 풍성하지만 나름 거품도 일면서 부드럽고 촉촉하게 상쾌한 양치가 가능했어요! 진짜 저 쌀알크기, 콩알크기 만큼의 양으로 양치가 잘 될까 라는 의심도 없지 않아 있었는데 텁텁함 전혀 없이 깔끔하고 개운한 마무리감이 오- 왜그리도 독일 아조나 치약 극찬하는지 알겠더라고요? 제가 요 근래 자격증 시험 준비 한답시고 안하던 공부를 좀 했더니 피곤이 누적된 탓인지 잇몸이 부쩍 예민해 졌었는데 혹시 몰라 선택해 사용해 본 독일 아조나 치약 꾸준히 매일 사용하면서 잇몸도 아주 편해 졌어요.아조나 치약 맛과 향? 일반적인 프레쉬한 민트향이였던 것 같고 그간 사용해 보았던 불소치약들 대비 양치 후에도 입 속에 맴도는 잔여감이 1도 없어서 덕분에 구취도 예방할 수 있었던 것 같아요. 기존 사용하던 치약들은 양치 후 개운함 보다는 괜스레 텁텁함과 입마름이 뒤따라이내 구취를 유발하는 치약들도 종종 있었거든요 ㅠㅠ  수일간 아침/점심/저녁 그리고 양치가 필요한 순간에 꾸준히 사용했음에도 용량에는 크게 변함 없는 아조나 치약 ㅎㅎ 25ml의 작은 소형 사이즈 치약이라 얕보지 마세요! 이래뵈도 약 150회 이상 사용할 수 있어 경제적인면에서도 백점만점 아조나 치약이랍니다.  작은 튜브 사이즈의 아조나 치약이라 외출 시 가방 한켠에 쏙 ~ 가지고 다니기도 너무 편해요! 독일에서는 이미 유명한 국민 치약 아조나 치약 너무 좋은데 구매가 힘드셨다면 아울러 독일 아조나 치약 좋다기에 꼭 한번 써보고 싶었는데 구매 방법 모르셨다면 하기 첨부드리는 크로켓 사이트를 통해 독일 아조나 치약 직구하여 꼭 사용해 보시길요 :)  🇩🇪독일 아조나 치약 54% OFF아조나 치약 반값 특가!click.croket.co.kr ]",20250628,https://blog.naver.com/2_rabo/223915034698
독일 아조나치약 구취에 사용해보니,"[더라이프비 미백치약으로 셀프치아미백 추천 화이트닝 입냄새 제거 : 더라이프비더라이프비 미백치약으로 셀프치아미백 화이트닝 도전하세요.bityl.co 물방울로 강력한 바위도 패이듯이치아에 물리적인 힘이 가해진다면치아도 마모가 되어 약해지는 것 같아요.저 또한 잘못된 양치질과 식습관,이갈이로 인해서 치아가 약해진 것 같고입속 트러블이 자주 생겨서양치질에 신경을 많이 썼습니다. 2년 가까이 마스크를 착용해서개운함이 강한걸 사용하니 입마름과 더해서구취까지 심각해져 스트레스를 받고있었는데치과에서 근무하는 아는 분께입냄새제거 좋은 치약 추천해달라고말씀드리니 해외 치약 한번 사용해보라며독일 아조나치약을 추천해줬답니다. 독일에선 국민 치약으로 알려져 있는제품인데, 국내에선 판매하지 않아서직구로 구입했으며 배송기간은 약 10일정도소요가 되었습니다.택배상자를 열자 제 눈에 들어오는건강렬한 레드컬러의 패키지였는데요.본품 또한 패키지와 똑같은 레드입니다. 독일 아조나치약은 해외 치약임에도저렴한 금액으로 개당 2천원 비슷하게구입을 할수있었어요.용량은 50g으로 일반 치약 용량에비해서 적은편이지만 5배 고농축 성분으로만들어져 아주 소량만 사용해도효과를 볼 수 있다고 해요. 그리고 임상을 통해서 99% 세균제거기능도 인증을 받았고,작은 용량이지만 다방면으로도움을 받을 수 있는 제품이란느낌이 들더라구요. 저는 평소 칫솔모를 다 덮을만큼많은 향을 치약을 이용하고아조나 치약의 경우엔, 손톱만큼 이용해도거품이 풍부해 양치할때 불편함이 없었는데요.맛과 향에 대해 호불호가 갈린다는후기도 있었는데 개인적으론 향이 강력한민트맛이라 되려 마음에 들었답니다.  평소 향이 강한 음식을 먹게되면양치한 다음 가글도 했는데이건 향이 워낙 강하면서 독특해서양치만 하더라도 입냄새가 잡히더라구요.세정능력이 좋아서 양치 한 뒤 트육의뽀득함을 느낄수 있었고칫솔질도 더 잘되는 느낌을 받았는데,시간이 흐를수록 입속이 마르면서텁텁함이 느껴졌어요. 텁텁함이 계속 지속되서 전성분을 확인해보니 합성계면활성제가 첨가되어있더라고요. 이 성분은 거품을 생성하는기포제 역할을 해주지만 지속적으로사용하면 입 속을 건조하게 해주고체내에 축적이 될 수 있어 구강이예민하신 분들이면 주의를 하셔야 해요.그래서 이 치약으로 양치한 다음15회정도 헹궈줬는데요.평소엔 7회,8회 정도 헹구는데 반면2배 이상 늘어났답니다^^   독일 아조나치약이 입냄새 제거엔도움이 되었지만, 합성계면활성제로 인해사용할까, 말까 갈망하던 중소개를 해준 지인이 고농축 제품이니일반치약과 돌아가면서 사용해도 만족한다고 하여같이 사용할 다른 치약을 알아봤는데요.데일리로 사용해도 자극이 없으면서순한원료의 치약을 알아보던 중 저에게들어온 것이 더라이프비 미백치약이었어요. 이 브랜드의 기본은 미백 기능성으로잇몸케어, 구취제거까지 한번에도움받을 수 있어 이미 SNS와온라인에서 핫한 잇템이었어요.전성분 자연추출물로 만들어진 치약이라저같이 입속 트러블이 자주 생겨나는사람들이나 착색으로 인해서 치아가누렇게 변색된 사람들이 사용하게 된다면도움을 받을 수 있습니다. 독일 아조나치약에 비해서비용도 저렴한 편이고 100G으로 용량이라넉넉히 사용할수도 있고,은색 씰을 떼어내면 무색의 투명한제형이 나오고, 열자마자 레몬의상큼한 향이 확 퍼졌는데요.양치중엔 레몬과 민트의 상큼함이그뒤 I-멘톨의 개운한맛이 강하게느껴져 이 치약을 사용한 뒤부턴가글을 사용한적이 없었습니다. 어떤 성분이 첨가되었냐에 따라서기대할 수 있는 효과가 모두 상이한데,여긴 구강케어와 잇몸을 도와주는매스틱오일과 세이지엑스, 더해서자일리톨 등 자연유래 성분들이 첨가되어전체적인 구강 케어에 도움이 되었다고 해요. 위 성분들은 향균력이 높아서구취를 일으키는 세균들을 없애주고입속의 ph밸런스를 맞춰서 매번건강한 상태로 만들어주는데요.그 덕에 저 역시 구강 청결 말고도고민되었던 입냄새도 많이 옅어졌어요. 거기다 독일 아조나치약에 첨가된합성 계면활성제를 대신해 코코넛에서얻은 유용한 식물 유래 성분이 첨가되어편하게 양치질이 가능했는데요.천연추출물로 제조되었지만 생각보다거품도 많았으며 이를 닦은 다음촉촉함이 오랫동안 유지가 되어자연히 구취도 덜 나게되었는데요.최근 구취로 인해 스트레스 받은적도 없었어요.이렇게 자연적인 원료로 제조되어하루 3번 칫솔질에도 부담이 덜하고되려 사용할수록 입속이 상쾌하고건강해진 느낌을 받았습니다.^^ 그리고 더라이프비 시그니처인'4Step 미.백 솔루션' 덕분에 제 치아색도확연히 밝아졌답니다.솔루션에 대해 간단히 설명드리자면,1Step - 콜로이드성이산화규소이 표면에 나온 이물질을 제거2Step - 이산화규소이 틈새에 쌓인 치태 제거3Step - 하이드로겐퍼옥사이드식약처로부터 인증받은 성분으로 공기방울들이얼룩진 치아에 침투해 본래의 색으로되돌려주고 본격적인 화이트닝이 스타트 4Step - 토코페롤아세테이트성분으로 잇몸질환을 예방하며마무리하면서 단계별 스탭이 종료되어요.전 잇몸이 조금 약해서 기능성 제품을사용하기 망설여졌는데 이 치약을 사용할수록치아의 색상도 밝아졌고 잇몸도 건강해졌어요. 최근 전, 이틀에 한번은독일 아조나치약을 사용하며더라이프비는 데일리로 사용하고 있어요.잔여감도 없으며, 깔끔한 마무리도 좋고양치 후 개운함이 오래 유지가되어 직장에서사용하려고 재구입시 6통이나 구입해버렸네요ㅎㅎ자사몰 이벤트 기간중이라 6통 구입하면본품 2통은 무료로 받을 수 있습니다~ 전체적인 구강케어에 도움되는 원료와 더해서사용할수록 치아색상도 밝아지니까필요하신분들은 참고하시면 좋겠습니다 :)  본 포스팅은 업체로부터 소정의 지원을 받아 작성되었습니다. ]",20240425,https://blog.naver.com/taraswati/223426501485
독일 아조나 치약 직구 사용법 여행용으로 추천,"[안녕하세요. 도순이입니다. 집에 치약이 똑 떨어져서독일 아조나 치약 직구 팀 한 번 구해봤습니다. 무불소 치약으로도 유명한 제품이죠?  살림살이하며 살아가다 보면한 번쯤 보거나 들어봤을 법한그 유명한 독일 아조나 치약 입니다. 빨간색상이  강렬한 패키지죠?  독일 아조나 치약 직구 많이들 하시는데크로켓 에서 구매하면개당 2,500원대 혹은 그 이하로 저렴하게 구매 가능합니다. 크로켓 사이트에서는 아조나 치약 구매 뿐 아니라다양한 전세계 직구템들을 비교적 합리적인 가격에 겟할 수 있습니다.해외직구가 번거롭게 느껴졌던 분들도간편하게 이용할 수 있는 사이트랍니다.   컴팩트한 사이즈의 아조나 치약이게 왜 유명하냐 하면은✔️불소가 들어가지 않은 무불소 치약✔️25ml 용량의 작은 소형 튜브지만150회나 사용 가능한 알짜배기 치약✔️여행용으로 적합한 사이즈 이렇게 정리할 수 있겠습니다. 무불소 치약 선호하시는 분들에게 적합할 것 같아요. 또 독일이 제품성이 높은 나라로 유명하니믿고 사용해보기로 했습니다.직구템이니까 Made in Germany 인증입니다.   박스 안에는 아조나 치약 관련 설명서도 동봉되어 있으니참고해보면 좋을 것 같습니다.  튜브형 치약의 경우 뚜껑 열어두면자기 혼자 튀어나오는 경우가 많은데역시 독일 분들이 만드신거라 그런지 치약이 마구 튀어나오지 않습니다. 튜브 입구가 좁게 설계되어 있어치약이 과도하게 나오지 않아위생적으로도 만족스럽습니다.  한 손에 쏙 쥐어지는 치약대략 어떤 사이즈인지 체감이 되시죠?   다른 일반 치약과 달리 1-2g 정도 콩알만한 크기로 짜서사용하기 때문에 튜브 크기가 작아도150회나 사용할 수 있습니다. 하루에 보통 3번 양치하니까 혼자 사용하게 되면 50일 정도는 사용할 수 있겠습니다.  저는 조금 양 많이 짠 것 같은데거품이 잘 나서 입을 헹구는데 오래걸렸습니다. 5배 정도로 고농축 한 제품이니 참고해주세요. 저는 치약맛이 달달한 것들을 비선호하는데딱 깔끔한 맛에 개운한 치약이였습니다. 소량만 사용해도 거품이 풍부하게 나기 때문에첫 사용 시에도 이질감 없이 쉽게 적응할 수 있어요.   고로 적정량만 사용하시길 권장드립니다. 치카치카 구석구석 양치 실시했습니다. 저는 아침에 일어나자마자 절대 물도 침도 안 삼키고 바로 양치부터 시행합니다. 저 같은 분 또 계실까요?  제가 여행도 자주 다니고,이리저리 집도 잘 옮겨다니는 편이라칫솔 치약을 항시적으로 들고 다니는데요. 치약이 크면 제 칫솔통 안에 잘 안 들어가는데사이즈가 컴팩트해서 쏙 들어가더라고요. 특히나 여행이나 외출 시에무게와 부피를 줄일 수 있어서 매우 경제적인 것 같습니다~   아래 크로켓 사이트에서 54% 가량 저렴한 가격대로독일 아조나 치약 직구 가능하니참고해보세요~  🇩🇪독일 아조나 치약 54% OFF아조나 치약 반값 특가!click.croket.co.kr			.pzp.pzp-pc--71ac6406-2ed9-4f67-9d1b-8d900ab7172c .pzp-pc__brand-playback-button {				width: 60px;				height: 60px;			}			.pzp.pzp-pc--71ac6406-2ed9-4f67-9d1b-8d900ab7172c .pzp-pc__brand-playback-button .pzp-ui-icon {				width: 60px;				height: 60px;			}			.pzp-pc--71ac6406-2ed9-4f67-9d1b-8d900ab7172c.pzp-pc--filter .webplayer-internal-video {				filter: url(#pzp-filter--71ac6406-2ed9-4f67-9d1b-8d900ab7172c);			}		          				0초			       				0초			 .pzp .pzp-poster--71ac6406-2ed9-4f67-9d1b-8d900ab7172c.pzp-poster--loaded {background-image: url(""https://phinf.pstatic.net/image.nmv/blog_2025_06_25_946/mURT10DvLV_03.jpg"");background-size: contain;background-position: center;background-repeat: no-repeat;}  광고 후 계속됩니다.     다음 동영상 subject author      			취소		   		독일 아조나 치약 직구 사용법 여행용으로 추천	 	재생  3 	좋아요  0 좋아요      공유하기                                   재생 (space/k)   재생 	00:14          			0:00:00		            재생 (space/k)   재생 음소거 (m)         음소거     	00:00 / 	00:14 실시간      설정       전체 화면 (f)                      해상도                 자동 480p                 자막                사용 안함                 재생 속도                1.0x (기본)          해상도   			자동 (480p) 		    			1080p 		 HD    			720p 		 HD    			480p 		    			270p 		    			144p 		     자막 	설정  			사용 안함		      옵션  글자 크기    배경색    재생 속도   0.5x 1.0x (기본) 1.5x 2.0x          죄송합니다. 문제가 발생했습니다. 다시 시도해 주세요.   					도움말				     			음소거 상태입니다.		             도움말                    라이센스         				고화질 재생이 가능한 영상입니다.				설정에서 해상도를 변경해보세요.			 더 알아보기 	00:00                         접기/펴기독일 아조나 치약 직구 사용법 여행용으로 추천 ]",20250628,https://blog.naver.com/dyngzzang36/223911342208
독일 DM 쇼핑리스트 발레아 앰플 아조나 치약 여행 기념품 선물,"[안녕하세요 워킹맘 여행인플루언서 나블리입니다독일은 우리나라 올리브영과 같이커다란 드럭스토어 매장인 DM 이 있습니다독일을 여행한다면도심 곳곳에서 DM 매장을 흔히 볼 수 있는데요,오늘은 독일 여행 쇼핑리스트 정리해볼께요  독일 DM 쇼핑리스트 발레아 앰플제가 동유럽 여행 중 DM 매장만 보면들어가 이 앰플이 있는지 확인했을 정도로가성비가 좋은 제품입니다  독일 여행을 다녀온 친구에게선물받아 사용해보고 마음에 들어꼭 동유럽 여행가서 사야겠다고 다짐했던발레아 앰플 Balea물론 우리나라에서도 구할 수 있지만독일 보다 3배 이상 비싼 금액이라동유럽 여행 중 사는 것이 가장 좋아요 파란색, 보라색, 노란색, 초록색 등색깔에 따라 주름개선, 보습, 피부미백 등각각 성격이 다릅니다보습, 수분충전이 대부분이라어느 피부타입에도 잘 맞겠지만여행 중 종류별로 사용해보고한국 돌아오기 전 본인 피부타입에 맞는컬러를 사오면 좋을 것 같아요  저는 수분공급 효과가 있는파란색 앰플이 마음에 드는데고농축이라 특히 가을겨울에 사용하기 좋습니다피부에 촉촉하게 흡수되기 때문에피부가 건조할 때 사용하면다음날 화장도 잘받고 촉촉한 피부가 유지됩니다1개에 1,000원~1,200원으로가성비가 매우 좋아요 하나씩 낱개로 사용할 수 있는 제품이라여행용으로 챙겨다니기도 좋고 부피도 적어독일 여행 기념품 쇼핑리스트 중원탑으로 꼽히는 제품입니다 지아자 핸드크림핸드크림이야 워낙 흔하지만지아자 핸드크림은우리나라에서 아직 구하기 어려운 제품입니다산양 젖으로 만든 핸드크림이라순하고 촉촉한데 향까지 좋아요독일 여행 선물용으로 추천합니다 알베르데 크림 Alverde천연 영양크림으로 유명한 크림입니다민감성 피부 또는 아토피 피부를 가졌다면사용하기 좋은 제품이예요크림 1개 당 4,000원 대로가성비 좋게 사용할 수 있습니다보통 여행객들이 많이 방문하는 지점은제고가 없기도 하니여행 중 DM 매장을 만났을 때한번씩 들어가서 재고 확인해보는 것도 좋겠어요 발포비타민우리나라 올리브영과 비슷하기 때문에DM 매장에는 다양한 식료품이 있는데요,발포비타민, 다양한 이너뷰티 영양제가 있으니본인에 맞는 제품 찾아보는 것도 도움이 됩니다 아요나 치약 Ajona사용 후기가 좋은 독일 DM 필수 쇼핑리스트불소 성분 및 유해성분이 없는아요나(아조나) 치약 식품이나 유해 안전성 등 상대적으로엄격한 기준이 있는 독일에서인증한 치약이기 때문에안심하고 사용해도 됩니다 고농축 치약이라 평소 사용하는 치약 양보다적게 소량만 사용하는 것이 좋아요아조나 치약 사용할 때특유의 시원한 냄새가입 안을 개운하게 만들어줍니다 이 외에도 독일 DM 매장에서는치약, 캔디, 샴푸 등 여러 종류의 제품이 있습니다특히 차 종류가 다양한 편이예요 독일에서는 허브차, 감기차가 유명하니 참고해서필요한 제품을 가성비 좋게 이용해보세요  오늘은 독일 여행 기념품을 위한DM 쇼핑리스트 정리해보았습니다모든 여행의 끝은 쇼핑으로 마무리 됩니다독일 쇼핑리스트 미리 확인하고필요한 제품 체크해두면 도움이 될 것 같아요 @나블리와 팬하면 더 많은 소식을 들을 수 있어요 ]",20240404,https://blog.naver.com/navely_itsme/223402686644
독일 국민치약 아조나(AJONA) 성분과 사용법 솔직 리뷰,"[입 냄새 고민 있으신 분들, 또는 잇몸이 자주 붓고 피가 나는 분들, 혹은 작고 휴대가 간편한 치약을 찾으시는 분들이라면 독일에서 국민치약으로 불리는 아조나(AJONA)에 대해 들어보셨을 거예요.  아조나는 '독일빨간치약'으로도 많이 알려져 있는데요. 몇 년 전 유럽여행을 다녀온 직장 동료분이 선물로 주셔서 처음 사용해 보게 되었어요.  작은 튜브에 담긴 치약이 이렇게 상쾌할 수 있나 싶을 정도로 양치질 후의 개운함이 남달라서, 그 이후로는 계속해서 내돈내산으로 꾸준히 사용 중이에요. 물론, 처음 사용했을 땐 조금 당황스러웠어요. 아주 심하지는 않지만 암모니아 냄새 같은 꾸릿꾸릿한 향이 처음엔 적응이 안 되더라고요.  저뿐 아니라 저희 남편도 처음엔 냄새도 별로고 너무 맵다고 했는데, 지금은 저보다 더 잘 쓰고 있을 정도랍니다. 결국엔 그 꾸릿한 냄새보다는 양치 후 상쾌한 느낌이 승리한 셈이죠. 이번 글에서는 아조나 치약의 성분, 사용법, 특징, 실제 사용 후기까지 자세히 소개해 드릴게요. 특히 잇몸질환이나 구취 예방에 관심 있는 분들에게 도움이 되셨으면 합니다. 아조나(AJONA)는 어떤 치약인가요?아조나, 아요나으로 불리는 이 제품은 독일에서 '국민치약'이라고 불릴 만큼 많은 사랑을 받고 있는 제품이에요. 일반 치약보다 진한 농축 포뮬러로 소량만 사용해도 강력한 세정 효과와 구취 예방 효과를 볼 수 있는 것이 특징이에요.특히, 독일 약국에서도 판매되고 있는 기능성 치약으로 구강 건강 관리에 특화되어 있어요. 독일 ajona 치약의 주요 성분성분효능탄산칼슘(Calcium Carbonate)치석 제거를 돕는 연마제 역할소듐바이카보네이트(Sodium Bicarbonate)pH 균형을 맞춰 구강 건강 유지비사보롤(Bisabolol)일 카모마일에서 추출된 성분으로 항균 및 항염 효과멘톨(Menthol) &amp; 유칼립톨(Eucalyptol)상쾌한 느낌을 주며 구취 제거에 도움티몰(Thymol)강력한 항균 작용으로 충치 예방 이외에도 불소, 합성계면활성제, 인공색소가 들어 있지 않아 민감한 구강에도 자극 없이 사용할 수 있는 저자극 포뮬러라는 점이 인상적이에요. 아조나 치약 사용법 (중요!)아조나는 일반 치약처럼 짜서 쓰는 것이 아니라, 아주 소량만 사용하는 농축형 치약이에요. 올바른 사용법을 꼭 숙지해야 제대로 된 효과를 볼 수 있어요! ajona치약 사용법칫솔모 한가운데에 쌀알 크기만큼 소량 짭니다. (과하게 사용하면 거품이 지나치게 생기고 입안이 얼얼할 수 있어요.)충분히 거품을 낸 뒤, 2~3분 정도 부드럽게 양치해 주세요.가글처럼 입안 구석구석까지 헹구는 느낌으로 천천히 양치 후 물로 여러 번 충분히 헹궈주세요.※산성 음식 섭취 후엔 30분 기다리기: 치아 에나멜 보호를 위해 산성 음식 섭취 후 바로 양치하지 않는 것이 좋아요. 하루 2회 이상 사용 시에는, 자기 전 양치에 사용하는 것을 추천해요. 입 냄새가 많이 나거나 잇몸 질환으로 고생 중인 분들은 아침저녁 꾸준히 써보시면 좋아요. 아조나 치약의 특징 요약농축형으로 일반 치약보다 사용량이 매우 적음 (쌀알 크기)구취 제거, 플라그 억제, 잇몸 건강에 탁월무불소, 무계면활성제, 무색소로 민감한 사람도 안심소형 튜브(25ml)로 여행, 외출용으로도 휴대성 최고사용 직후 입안이 아주 상쾌하고 개운한 느낌 실제 사용 후기제가 아조나(ajona)를 사용하게 된 계기는 동료가 유럽여행 후 선물해 준 독일빨간치약이었어요. 작은 튜브라서 반신반의했는데, 첫 사용 후 입안의 개운함이 확연히 달라서 바로 반해버렸어요. 물론 앞서 말씀드린 대로, 처음엔 약간 꾸릿한 향이 당황스럽기도 했는데요. 지금은 거의 느껴지지 않고, 오히려 다른 치약보다도 개운하고 깨끗한 느낌이 오래 남아요.남편도 처음엔 “매운 느낌이 너무 세다” 하더니, 어느새 저보다 먼저 챙겨 쓰더라고요. 저희 부부 모두 만족하며 사용하는 중이에요. ]",20250420,https://blog.naver.com/sas1023/223840498614
독일에서 사온 아조나 치약(아요나아닌가?),"[최근 독일에 다녀왔고 별 이런저런것들을 사왔지만 그중에 치약을 좀 샀습니다. 그나저나 뭘 그렇게 많이 샀는지 참 알다가도 모를일 입니다.  ㅅ3개를 사왔는데 생각해보면 이게 아주 오래쓰는 타입이라서 다음 독일갈때까지는 쓸 수 있겠다. 라는 생각을 했습니다.  그니까 뭐 좋은게 들어있다는 이야기 아닐까요? 이것도 뭐 좋다 이런거 아닌ㄹ까요? 그나저나 아조나?아요나?뭐라고 읽어야 하는지,,,아조나? 용량이 말도안되게 작습니다. 다른 제품들보다 최근까지 사용하던 마비스와 비교해도 아주 작은 느낌입니다. 그나저나 저 마비스는 뭔가 엄청 과한 느낌 일부러 패키지도 그렇고 힘준 느낌인데 이 치약은 정 반대입니다.  자, 열어봅시다.  좋다는 이야기죠? 이것이 바로 핵심!!!생각보다 적게 사용하세요. !!이것이 핵심입니다. 생각보다 적게 25ml라면 비행기에도 가져갈 수 있고 아주 적당한 사이즈 입니다.  단지 작다보니 욕실에서 좀 찾기 어렵지만 빨간색이라 꼭 그렇지도 않아요.  색은 이렇습니다. 이 치약은 그래요. 중독적이에요. 이것 쓰다가 마비스 치약 쓰면  우웩? 이렇습니다. 반대로 마비스 쓰다가 이 치약 써도 우웩 하는건 마찬가지. 그러니 치아 관리를 잘 합시다.  ]",20250406,https://blog.naver.com/funtrain/223821919461
독일아조나치약 써보니 왜 인기 있는지 후기,"[요즘 구강 건강에 대한 관심이 높아지면서 해외 치약에 대한 입소문도 빠르게 퍼지고 있는데요, 그중에서도 유난히 눈에 띄는 제품이 바로 독일아조나치약입니다. 처음엔 ‘독일산이라서 좋겠지’ 하는 막연한 기대감으로 구매했는데, 실제로 사용해 보니 왜 많은 분들이 재구매를 하는지 확실히 느낄 수 있었어요. 그래서 오늘은 제가 직접 경험한 독일아조나치약의 진솔한 사용 후기를 공유해보려고 합니다.  독일아조나치약, 첫인상부터 깔끔하다처음 독일아조나치약을 손에 쥐었을 때 느낀 점은 포장부터 고급스럽고 깔끔하다는 것이었습니다. 단순한 튜브형 패키지인데도 뭔가 약국에서 판매할 것 같은 전문적인 느낌이 들었고, ‘이거 뭔가 진짜 약 같은 치약일 것 같다’는 인상을 주더군요. 디자인 하나에도 기능성이 묻어나 있는 듯한 느낌이었습니다.향도 자극적이지 않고 부드러운 민트향이 나서 양치할 때 굉장히 산뜻한 기분이 들었고요. 다른 제품처럼 입안이 얼얼하거나 맵지 않아서 민감한 잇몸을 가진 분들에게도 괜찮겠다는 생각이 들었습니다.  사용감은? 부드럽고 개운하게 마무리제가 느낀 독일아조나치약의 가장 큰 장점 중 하나는 부드러운 사용감이었습니다. 거품이 과도하게 나지 않으면서도 충분히 치아 사이를 잘 감싸주는 느낌이 있었고, 입안을 헹궜을 때 잔여감 없이 깔끔하게 마무리되는 것이 정말 만족스러웠어요.특히 잇몸이 예민한 편이라 양치 후 종종 피가 나던 저에게도 자극이 거의 없었습니다. 일주일 정도 꾸준히 사용하자 치실을 사용할 때 잇몸 출혈이 눈에 띄게 줄었고, 아침에 일어났을 때 입안이 상쾌한 점도 꽤 놀라웠습니다. 일반 치약을 사용할 때보다 구취 제거 효과가 훨씬 오래 유지되는 느낌이 들었어요.   핵심 성분과 효능 좋은 이유는 단지 감각적인 포장이나 향 때문이 아니라, 실제로 기능성 성분들이 꽤 알차게 들어있기 때문입니다. 이 치약에는 항염과 항균 효과가 뛰어난 허브 추출물과 미세한 연마제가 조화를 이루고 있어 치아를 손상시키지 않으면서도 효과적으로 플라그를 제거해줍니다.특히 알로에베라와 카모마일 같은 자연 유래 성분들이 포함되어 있어 잇몸 염증을 줄이고 치은염 예방에 탁월한 효과를 보여준다고 합니다. 실제로 사용해 보면서 아침에 느껴지던 잇몸의 묵직함이나 붓는 느낌이 점차 줄어드는 걸 체감했어요.그리고 무엇보다 인공색소나 과도한 화학첨가물이 없어 장기적으로 사용해도 부담이 적다는 점이 마음에 들었습니다. 유럽 기준의 철저한 품질 관리를 거친 제품이라 그런지 더 신뢰가 갔습니다. 미백과 치석 관리 효과도 느껴져사실 저는 커피와 홍차를 즐겨 마시는 편이라 치아 착색이 쉽게 생기는데요, 사용하고 나서 약 2주쯤 지나니 거울로 봐도 눈에 띄게 착색이 옅어진 것을 확인할 수 있었습니다. 물론 치과 미백처럼 즉각적인 변화는 아니지만, 하루 2~3번의 꾸준한 양치만으로 점진적인 효과를 보니 더 믿음이 갔죠.또 하나 인상 깊었던 건 치석이 덜 쌓인다는 점입니다. 전에는 양치한 지 하루도 안 지나서 이 사이가 껄끄러워지는 느낌이 있었는데, 쓰면서 그런 느낌이 거의 사라졌어요. 그만큼 치석과 플라그 형성을 억제해주는 효과가 있다는 뜻이겠죠.  가족들도 함께 만족한 제품제가 혼자 쓰다가 남편에게도 추천했는데, 지금은 오히려 남편이 더 열심히 사용하고 있습니다. 특히 흡연자인 남편에게는 입 냄새 개선 효과가 확실히 나타났고, 회사 동료에게도 “요즘 입 냄새가 덜 난다”는 말을 들었다고 하더라고요. 아이들에겐 아직 강한 민트향이 부담스러울 수 있어서 성인 위주의 가족들에게 추천하고 싶어요. 이런 분들께 추천합니다잇몸이 예민하고 출혈이 잦은 분구취로 고민이 많은 분치아 착색이나 플라그 관리가 필요한 분자극적이지 않은 천연 유래 치약을 찾는 분깔끔한 사용감과 건강한 구강 관리를 원하시는 분솔직히 말해 처음엔 ‘비싼 외국 치약이 다 거기서 거기겠지’ 했는데, 지금은 주변에도 자꾸 추천하게 될 만큼 만족스러운 제품입니다. 단순히 양치용품을 넘어, 내 건강을 위한 투자라는 생각이 들게 했습니다. 치약 하나 바꿨을 뿐인데 입속이 건강해졌다는 걸 직접 느껴보니까요. ]",20250611,https://blog.naver.com/cook12350/223895869844
