title,date,url
"미니멀라이프_도브 비누, 암웨이 치약_끝까지 쓰는 팁",20250201,https://blog.naver.com/gongganinyeon/223744496917
암웨이 치약 글리스터 성분 비교 분석기,20231016,https://blog.naver.com/hhasd112/223238090260
"암웨이치약 사용 후기, 입안 건조함 해결",20250424,https://blog.naver.com/mmzwoigsu/223844992321
"암웨이 치약, 왜 좋다고 할까? 성분 비교 + 사용후기",20250503,https://blog.naver.com/llhk1004/223853865570
암웨이 치약 정품 가짜 구분법 글리스터 기능,20241211,https://blog.naver.com/misssong720/223689735788
암웨이치약 써보고 계속 쓰게 된 이유,20250424,https://blog.naver.com/whuzfuolx/223844966721
암웨이치약 바꿨더니 애가 알아서 양치해요,20250424,https://blog.naver.com/jbaiddlvz/223844980027
암웨이치약 하루 세 번 써도 입안 편안한 이유,20250424,https://blog.naver.com/xywhgpart/223845008169
암웨이치약 글리스터 치약 프라그제거 미백 충치예방생생후기,20250623,https://blog.naver.com/megohm8743/223908207849
암웨이 치약 짝퉁 정품 제대로 알아보는 방법,20250708,https://blog.naver.com/honest-shop/223926599939
암웨이 치약 글리스터 프로액션 컴플리트 후기,20250214,https://blog.naver.com/f9818/223760785800
암웨이 치약 가짜 피하는법 글리스터 성분 비교,20240830,https://blog.naver.com/enqnenah1/223566427759
쿠팡에서 암웨이 치약을 샀는데.. 짝퉁이라고요?,20250623,https://blog.naver.com/daisykim1987/223908396809
암웨이치약 가짜 확인하는 법 치약 비교 해봄,20240905,https://blog.naver.com/sj12kk13/223573437863
암웨이 여행용치약 건강한 루틴,20250630,https://blog.naver.com/eirtntubwm8444/223916818334
암웨이 마트 브랜드와 제품 설명 글리스터 치약 칫솔 소개,20250430,https://blog.naver.com/lovelybackseol/223851608258
암웨이 치약 좋은 이유 성분분석,20250703,https://blog.naver.com/soda6102/223920750661
"암웨이 글리스터 치약, 치약은 사랑을 싣고...",20250224,https://blog.naver.com/memo-sketch/223771975705
"애터미치약·암웨이 치약, 의약외품 수출·수입 실적 각각 1위... ",20250627,https://blog.naver.com/mino0401/223913429467
암웨이 글리스터 치약 불소 가격 성분 리뉴얼 버전 차이,20240611,https://blog.naver.com/hhasd112/223475759792
"암웨이 치약, 무엇이 다를까요?",20250616,https://blog.naver.com/onewayabo/223900748787
"암웨이 글리스터, 치약 다시 찾는 이유 와 구매 방법",20250615,https://blog.naver.com/honest-shop/223900273947
암웨이 글리스터 치약 리뉴얼! 성분에는 어떤 변화가 있을까요?,20230927,https://blog.naver.com/momguideofficial/223734750842
암웨이치약 구매방법 불소 가짜 글리스터 가격,20240706,https://blog.naver.com/noniu_/223503630064
암웨이치약 써보고 입 냄새 고민 덜었어요,20250424,https://blog.naver.com/qrneyhtzl/223844986431
"암웨이 치약 가격 할인, 리뉴얼제품 본사배송!",20240530,https://blog.naver.com/lsh17092/223463503566
"암웨이 치약 어때요? 사용후기, 글리스터 구매방법",20250517,https://blog.naver.com/rin_i96/223868684696
암웨이 글리스터 프로액션 컴플리트 치약 사용후기~,20241116,https://blog.naver.com/hyunj_jj/223662718386
"암웨이 글리스터 치약 성분 분석, 고르는 팁",20240427,https://blog.naver.com/jeku79/223428751775
암웨이 글리스터 치약과 큐라덴 큐라프록스 엔자이칼 1450,20250506,https://blog.naver.com/if_33/223857082143
암웨이 글리스터 프로액션 컴플리트 치약 200g,20241105,https://blog.naver.com/kdffesdt/223647348574
암웨이치약으로 충치예방부터 구취개선까지 구강관리 이제... ,20250521,https://blog.naver.com/jjj195311/223872334017
암웨이 구강 환경을 건강하게... [글리스터 프로액션컴플리트 치약],20250702,https://blog.naver.com/elloy4463/223919143344
암웨이 치약 3+1 증정 프로모션,20231203,https://blog.naver.com/daisykim1987/223281337144
암웨이 글리스터 오랄케어 추천 / 암웨이 치약 가글... ,20250208,https://blog.naver.com/heartkikii/223753264323
암웨이글리스터 치약 사용후기,20231222,https://blog.naver.com/jins9001/223300498455
"암웨이 치약 글리스터 불소 성분, 함량 비교분석 내돈내산 후기",20240807,https://blog.naver.com/1xxna/223539225480
암웨이 치약/ 글리스터 프로액션 컴플리트 치약 사용후기,20230911,https://blog.naver.com/chlgjsl123/223208234058
암웨이 치약 1년 사용 후기 구매 방법 글리스터,20250510,https://blog.naver.com/rin_i96/223861223032
"암웨이 글리스터 여행용치약 50g( 3개입), 50g, 3개",20250624,https://blog.naver.com/beautiful430/223909587296
"암웨이 치약, 가짜와 어떻게 다를까?",20250628,https://blog.naver.com/newincome/223915013026
암웨이 치약 추천 불소 함량과 성분은 어떨까 솔직후기,20250221,https://blog.naver.com/lazyboy_98/223769057765
암웨이 글리스터 프로액션 컴플리트 치약,20250218,https://blog.naver.com/jaksim_3cho/223765312252
☆암웨이치약☆ 글리스터 멀티 액션 치약,20250428,https://blog.naver.com/millky1202/223848616760
암웨이 치약 20년째 쓰는 이유,20250429,https://blog.naver.com/xday03/223849376536
"정착한 3년째 내돈내산 암웨이 샴푸, 비누, 치약, 클렌저 추천",20240806,https://blog.naver.com/eunjinjejus/223538026662
암웨이 치약 글리스터 사용 후 혀클리너를 안 쓴다 ! 내돈내산,20250222,https://blog.naver.com/healthy___/223769704938
암웨이치약 내돈내산 후기,20241109,https://blog.naver.com/soeun_1001/223653395957
온라인에서 판매되는 암웨이 글리스터 치약. But 큰일이다.,20250413,https://blog.naver.com/saesung2/223831690158
암웨이 치약을 왜 사용해야할까요?,20250405,https://blog.naver.com/onlyamway_/223823084100
선택] 제품 리뷰 : 민티드 고체치약(암웨이 치약 성분 비교),20250408,https://blog.naver.com/honort/223825713248
암웨이치약 제품 판매 전략?,20230930,https://blog.naver.com/ramcess9114/223224783685
맵지않고 순한치약 암웨이 글리스터 치약 가족 치약 선물 치약... ,20240318,https://blog.naver.com/yeonji0106/223386843567
오늘 쿠팡에서 산 암웨이 치약을 신고합니다!!!!!! 너무싸다…..... ,20250622,https://blog.naver.com/aini5133/223908041302
분당 암웨이 샴푸 치약 바디워시 트리트먼트 가격 뉴트리라이프... ,20250321,https://blog.naver.com/rond7/223805063781
암웨이 글리스터 치약 효과 업그레이드된 치약,20231218,https://blog.naver.com/jela77/223296719425
"암웨이 암웨이글리스터치약200-gram, 4개, 200-gram 가격... ",20250310,https://blog.naver.com/vbmrykbm4679026/223790201199
암웨이 치약 유명해서 써봤더니..,20220712,https://blog.naver.com/ziniz77/222808353604
국민치약 암웨이치약 암웨이글리스터치약 무지무지 좋아요^^,20250425,https://blog.naver.com/saesung2/223846323969
4월 첫날 애터미칫솔 암웨이치약 입고,20240401,https://blog.naver.com/ramcess9114/223402385793
암웨이 치약 글리스터 신형 vs 구형 비교,20230522,https://blog.naver.com/juny1105/223108153336
암웨이 치약 만족도,20220104,https://blog.naver.com/mh528sk417/222612859793
맘카페 에서 산 암웨이치약 짝퉁,20220408,https://blog.naver.com/daisykim1987/222694742046
암웨이 치약 프로모션,20230506,https://blog.naver.com/daisykim1987/223095002002
암웨이 치약 비교 &amp; 글리스터 리뉴얼 가짜 구분법,20230609,https://blog.naver.com/zizibezang/223124539850
암웨이 치약 함께 쓰면 더 좋아요,20220524,https://blog.naver.com/zizibezang/222744612835
암웨이 치약 장단점 분석해봤다,20220711,https://blog.naver.com/hhasd112/222804669842
암웨이 치약 안전하게 겟해볼까?,20221225,https://blog.naver.com/ppeunimama/222965527270
밥 안한 날+암웨이 치약,20220918,https://blog.naver.com/sueguy/222878009179
암웨이 치약 쓰다가 이것때문에 바꿈,20211013,https://blog.naver.com/hhasd112/222535860094
시크릿 치약 _엠 프레쉬 미네랄 투스페이스트 vs 암웨이 치약... ,20170223,https://blog.naver.com/tldhs2613/220942388234
암웨이 치약 리뷰 :: 임냄새 제거 대용량 글리스터 치약추천 !,20191024,https://blog.naver.com/hibonggil/221687367335
암웨이 글리스터 치약,20220109,https://blog.naver.com/iamminiijoy/222616749749
암웨이 치약 과 함께 쓰면 좋을 구강케어제품,20220812,https://blog.naver.com/daisykim1987/222846171734
암웨이 치약 글리스터 치약 너무 좋네요,20160408,https://blog.naver.com/lkh0953/220678221829
"암웨이치약65g 6개가 35,400원이라니..",20211217,https://blog.naver.com/ramcess9114/222598043147
암웨이대구ABC/암웨이치약/가벼운선물용,20210426,https://blog.naver.com/sowooko/222323651670
암웨이제품/암웨이치약/뉴트리라이트,20201119,https://blog.naver.com/sowooko/222149082183
암웨이 글리스터 치약 사서 써본 후기 #치약추천,20191031,https://blog.naver.com/verymucho/221694094462
암웨이 글리스터 치약 200g 구매후기,20161115,https://blog.naver.com/jangklod/220859921037
안전한 치약 저희집은 암웨이 치약으로 온가족 치아건강 챙겨요.,20201122,https://blog.naver.com/silsil0707/222151336593
암웨이 치약 200g 2팩,20210519,https://blog.naver.com/ramcess9114/222357349814
뚱뚱한 암웨이 치약도 잘 거치해 주는 치약짜게,20201125,https://blog.naver.com/yedesign01/222154352084
치약추천 _ 암웨이 치약 glister 글리스터 치약 성분/ 가격... ,20191022,https://blog.naver.com/topgear04/221685271451
암웨이 치약 글리스터 사용 후기입니다.,20160403,https://blog.naver.com/nightd/220673107080
암웨이 치약쓰다가 잇몸 미백치약으로 바꿨어요 ! (ft.... ,20200910,https://blog.naver.com/junstar1010/222085998048
해운대 암웨이 플라자 OPEN ! 치약 세제 등 사봤어요,20161020,https://blog.naver.com/rolly_rolly/220840673740
"종합비타민 암웨이 더블엑스, 글리스터 암웨이 치약)",20211108,https://blog.naver.com/my_waltzcat/222562507404
"다녀온 이야기(1) - 암웨이치약, 암웨이종합비타민 더블엑스",20221217,https://blog.naver.com/my_waltzcat/222958551480
암웨이치약가격까지 사버렸어요 ^^;;,20150212,https://blog.naver.com/tmakdlfqnwk/220271113320
"푸딩홀릭 + 암웨이치약,암웨이세제 + 우리집 컴퓨터 아이맥 좋다... ",20150720,https://blog.naver.com/daily_sora/220424989980
따시남이 추천하는 글리스터 암웨이 치약,20150808,https://blog.naver.com/smileyang7/220444851288
사용해보고 작성한 솔직한 상품후기~!암웨이 글리스터 치약~!!,20150101,https://blog.naver.com/vcxzse/220226619601
"1위 덴티스테 치약,  2위  마비스 치약,  3위  암웨이 치약",20200629,https://blog.naver.com/koocci/222015627621
암웨이 치약  믿을 수 있나? 보존제 파라벤의 진실,20190224,https://blog.naver.com/schon2010/221473842164
- 암웨이 치약,20210408,https://blog.naver.com/auprea/222303336283
치약구매후기) 덴티스테 마일드 치약/암웨이치약/ 3M치약,20220707,https://blog.naver.com/agiyasi/222803536948
♥ 암웨이(Amway) -  글리스터멀티액션플로라이드 치약,20141110,https://blog.naver.com/ange613/220176562361
"한 번쯤은 써봤을 암웨이 글리스터 치약, 성분은 한 번이라도... ",20201216,https://blog.naver.com/momguideofficial/223734749376
[세종시 암웨이 치약] 이 치약이 특별한 이유! 효과와 사용 후기,20250222,https://blog.naver.com/jongch92/223769619958
암웨이 치약 판매 1위 추천!!!,20140709,https://blog.naver.com/khasun/220055314054
암웨이 글리스터 치약 불소 성분 가격 가짜 판별 가입 번호,20240519,https://blog.naver.com/hee__0_0/223451041027
암웨이 치약 글리스터 프로모션,20220314,https://blog.naver.com/daisykim1987/222671763271
인기 순위 암웨이 NEW 프로액션 컴플리트 치약 200g x 2개... ,20250124,https://blog.naver.com/vvqbgteds/223736784568
암웨이 글리스터 치약으로 구강건강 고민 해결,20230724,https://blog.naver.com/wellnspark/223164245391
암웨이 치약 효과와 부작용에 대한 진실,20240608,https://blog.naver.com/aidly1996/223472955889
암웨이 글리스터 치약 후기,20240125,https://blog.naver.com/hwlsgl1016/223333445867
미백치약 암웨이 신상품 글리스터 프로액션 컴플리트 치약,20241226,https://blog.naver.com/ywil1013/223706375515
"[인기] 암웨이 글리스터 프로액션 컴플리트 치약, 5개, 200... ",20250208,https://blog.naver.com/every-3000/223752990557
암웨이치약  사서 써본 후기,20241122,https://blog.naver.com/curved506/223669436919
오늘 입고된 암웨이치약,20210419,https://blog.naver.com/ramcess9114/222315328332
신제품 암웨이 치약 글리스터로 건강한 구강 생태계,20230517,https://blog.naver.com/wellnspark/223104103839
[내돈내산] 암웨이 글리스터 치약 &amp; 칫솔 - 여행용으로도 최고,20240719,https://blog.naver.com/hadigo_/223517349888
세계 판매 1위 글리스터 (암웨이 치약 3+1프로모션),20231201,https://blog.naver.com/leeyeonkyoungcrown/223279994671
짝퉁 암웨이치약 비교해봄 ABO후원자번호,20231004,https://blog.naver.com/starchan92/223227855575
치약 배틀 티타드와 암웨이,20230820,https://blog.naver.com/cho4ever/223188552707
큐라덴 암웨이글리스터 오랄비 치실 그리고 덴티스테 치약까지,20240813,https://blog.naver.com/kyonba_u/223545684332
암웨이 치약 역시 대박입니다,20230713,https://blog.naver.com/amwaymoojong/223155549513
"[인기] 암웨이 글리스터 프로액션 컴플리트 여행용 치약, 50... ",20250210,https://blog.naver.com/every-3000/223755335336
암웨이 디톡스 1일차,20250424,https://blog.naver.com/heejeongkwon/223845408332
암웨이 - 글리스터 르미낙트 플로라이드 치약,20220121,https://blog.naver.com/enction/222628081923
"암웨이 치약 가짜 정품 조심하는 방법, 추천",20240927,https://blog.naver.com/optbluesky/223597128639
[암웨이 글리스터치약]스켈링한 느낌♡,20171127,https://blog.naver.com/kjs3703/221149700694
암웨이 치약 좋아요,20240921,https://blog.naver.com/kyung3756/223591433371
뉴트리라이트 암웨이치약 200g 매일의 상쾌함을 위한 필수... ,20240820,https://blog.naver.com/onessbr/223548781818
나의하루. 치약 선택하기!!!!암웨이 글리스터 치약,20161019,https://blog.naver.com/sweetsweetkmy/220839231368
암웨이치약 글리스터 리뉴얼,20230609,https://blog.naver.com/jin2326/223123996219
암웨이 글리스터 치약 깔끔하게 하루 세번 사용하기,20220922,https://blog.naver.com/rhekflaa/222881176638
암웨이치약 : 글리스터 프로액션 컴플리트 치약,20241031,https://blog.naver.com/dodo1139/223640933146
"1위 덴티스테 치약, 2위 티타드 치약, 3위 암웨이 치약",20220302,https://blog.naver.com/koocci/222661846089
암웨이치약 왜 인기가 좋을까,20231102,https://blog.naver.com/issueday-/223252894139
"1위 암웨이 치약, 2위 덴티스테 치약, 3위 티타드 치약",20220502,https://blog.naver.com/koocci/222718520213
"1위 덴티스테 치약,  2위 센소다인 치약, 3위 암웨이 치약",20220602,https://blog.naver.com/koocci/222756774083
"아이가 좋아하는 치약, 암웨이 치약 | 글리스터 르미낙트... ",20230417,https://blog.naver.com/sesimhee/223077539839
효과끝판왕 암웨이글리스터치약 200g 4개 구매 후기 및 리뷰,20250526,https://blog.naver.com/cholgu3/223877744397
암웨이 글리스터 치약이 새롭게 출시됩니다,20230512,https://blog.naver.com/ohyoungok1/223099916078
암웨이 치약 추천 정품 구매하는 방법 (글리스터),20250314,https://blog.naver.com/rin_i96/223795296245
암웨이 치약 글리스터,20220315,https://blog.naver.com/maki07/222672929070
[ 너무착한 암웨이 글리스터 프로액션 컴플리트 치약 200g... ,20250107,https://blog.naver.com/miranaaye/223717016347
암웨이 치약 보존제에 대한 진실,20190307,https://blog.naver.com/schon2010/221482868156
온 가족 치아 건강 암웨이 치약으로 챙겨요.,20230510,https://blog.naver.com/seung-hye0216/223098196786
암웨이 다단계 사업 안하고 피엠쥬스 마시는 이야기,20250420,https://blog.naver.com/bbiyou/223840087872
전세계 판매1위 암웨이 치약과 함께하는 전동칫솔 프로모션,20231128,https://blog.naver.com/leeyeonkyoungcrown/223276582598
암웨이 치약 알고 사용하면 좋은 이유,20220830,https://blog.naver.com/rhekflaa/222861905920
암웨이 치약 '글리스터 프로 액션컴플리트 치약' N년째... ,20240424,https://blog.naver.com/haneul4865/223425433891
암웨이 치약 가짜 조심 짝퉁 조심! 정품 치약 구매하는 방법 추천,20240920,https://blog.naver.com/abo_rin_i/223589338672
경피독 암웨이 치약 샴푸 린스 세제 화장품으로 바꿔야되는 이유,20231220,https://blog.naver.com/donsmell2/223298031657
"암웨이 치약 추천하는 이유? (정품,가짜 판별법)",20231026,https://blog.naver.com/tyco07/223247581707
암웨이 글리스터 치약 리뉴얼 됬네?!?! 미백관리 추천,20230928,https://blog.naver.com/gmpark7057/223221967647
암웨이 치약 써보다가 잇몸 땜에 갈아탔어요,20210806,https://blog.naver.com/rana0418/222459473127
[암웨이 글리스터 치약] 베스트 선물세트 구매 후기,20221208,https://blog.naver.com/sdrikkxt/222949941838
"프로테인영양 가득, 암웨이글리스터치약 200g으로 건강한... ",20250526,https://blog.naver.com/yesmkimm/223877700787
당장 사고싶은 암웨이... 보충) + 암웨이 치약 (200-gram) 1개... ,20250223,https://blog.naver.com/evi5855744/223770645271
암웨이컴플리트 치약으로 건강한 입냄새와 화사한 미소를... ,20250526,https://blog.naver.com/yesmkimm/223877709772
암웨이 글리스터 르미낙트 플로라이드 치약,20200408,https://blog.naver.com/sky04754/221898032126
암웨이 글리스터 치약 성분 불소 함유량 비교,20240913,https://blog.naver.com/misssong720/223582604554
도저히 다른 제품으로 바꿀 수 없는 치약.. 암웨이 글리스터 치약~,20141112,https://blog.naver.com/yedesign01/220179191281
암웨이 칼맥디 치약 치솔 세트,20250625,https://blog.naver.com/ewirpuvpy44725/223910351463
암웨이 치약+구강청결제::마케터가 쓰는 내돈내산 리뷰... ,20250204,https://blog.naver.com/newborn117/223747480782
Amway Glister(암웨이 글리스터) 치약 전성분,20161017,https://blog.naver.com/amistat3/220838319230
천안 암웨이 치약 혈당 글리코다운 한라인쇄,20230524,https://blog.naver.com/papeceo/223111018992
"암웨이 치약, 와이프가 좋다고 하니..",20210501,https://blog.naver.com/manager8888/222330400029
암웨이 치약 글리스터 사용 후기  부드럽고 개운한 느낌이... ,20241107,https://blog.naver.com/jaess2233/223650078954
다단계 애터미 치약 플러스와 암웨이  글리스터 치약 성분과... ,20250207,https://blog.naver.com/healthy_day_/223751950960
암웨이 글리스터 치약,20120617,https://blog.naver.com/scalet70/90145548625
입냄새제거치약 암웨이치약 주방세제추천 공제조합 번호... ,20230310,https://blog.naver.com/nagoya07/223040684589
암웨이 뉴트리 파이토... 보충) + 암웨이 치약 (200-gram) 1개... ,20250204,https://blog.naver.com/forgiveness69400/223747332137
[암웨이 글리스터 트래블 키트✈️(칫솔치약 세트구성)],20240614,https://blog.naver.com/ajw7580/223479105535
암웨이치약 글리스터 내돈내산후기,20211227,https://blog.naver.com/onggi486/222605667006
"암웨이 글리스터 치약... 일상,암웨이 치약,프로텍트 어베드",20161101,https://blog.naver.com/vipbora/220850740888
"암웨이 치약 성분, 글리스터 정품 저렴하게 구매하는 방법 추천",20240920,https://blog.naver.com/rin_i96/223589310438
"암웨이 치약 성분, 정품치약 비회원 구매 방법",20241231,https://blog.naver.com/rin_i96/223710816931
암웨이 치약 괜찮았지만.. (ft. 글리스터),20211228,https://blog.naver.com/yenavant/222606412594
암웨이 치약과 아이칫솔후기,20140402,https://blog.naver.com/elin9179/140209778070
암웨이 치약 200g 3개 써보면 알아요  장점과 단점 분석,20241031,https://blog.naver.com/efficien3046/223641161451
암웨이 글리스터 치약 - 개운합니다☆,20150116,https://blog.naver.com/jj7868jj/220242683287
암웨이치약 오래전부터 사용하며 느낀점,20220415,https://blog.naver.com/rhekflaa/222701168271
"[암웨이] 치약,샴푸,트리트먼트,멀티비타민,스킨,로션... ",20230805,https://blog.naver.com/hxyxox/223175506158
암웨이 후원자번호로 구내염에도 좋은 치약추천,20240319,https://blog.naver.com/myway_amway/223388089332
암웨이 글리스터 치약 가짜 치약 조심!!,20230106,https://blog.naver.com/byeylove30/222976565828
내돈내산추천⭐리뉴얼된 암웨이 글리스터 치약 사용 후기,20231228,https://blog.naver.com/hermes6363/223306081895
★암웨이 글리스터 치약 찐내돈내산 후기!!,20231102,https://blog.naver.com/n1158881/223253799873
글리스터 암웨이 치약 칫솔 마우스워시 프로모션,20230204,https://blog.naver.com/papeceo/223004932684
암웨이 치약 칫솔 마우스워시 등 글리스터 5월17일... ,20230501,https://blog.naver.com/papeceo/223090320127
암웨이 글리스터 치약 성분 꼼꼼하게 비교 체크,20240829,https://blog.naver.com/kiiuhh8876/223565162832
암웨이 여행용 칫솔치약세트 선물용으로 좋아요!,20190705,https://blog.naver.com/jjocojiyi/221578306454
암웨이 치약 200g 4개 비교 분석 나에게 맞는 제품 선택 가이드,20241102,https://blog.naver.com/purchase1657/223644062639
암웨이 글리스터 르미낙트 플로라이드 치약 뽀득뽀득 경험해 보기,20230415,https://blog.naver.com/yellow0200/223074698441
암웨이 글리스터 치약 성분 가격 사용 팁 후기,20240529,https://blog.naver.com/62h3xi2m/223462274520
"암웨이 구강제품1, 암웨이 치약",20190802,https://blog.naver.com/comfort_son/221603323825
암웨이 글리스터 치약 여행용 사이즈 후기 프로액션 컴플리트... ,20250617,https://blog.naver.com/naridamda/223902449522
"암웨이 글리스터 치약 후기, 구취제거와 충치예방에 탁월한... ",20231119,https://blog.naver.com/tyco07/223268748075
"내돈내산] 닥터라파알, 암웨이 치약 , 엔 치약 구매 후기",20230322,https://blog.naver.com/nawps00/223051910883
암웨이 글리스터 치약 리뉴얼 불소치약,20240322,https://blog.naver.com/qikin11/223392130897
암웨이치약과 영국유시몰치약 사용후기,20210822,https://blog.naver.com/choco7533/222480395201
암웨이 치약 프로모션 (경기광주암웨이),20230512,https://blog.naver.com/pjihee77/223099826199
"암웨이 글리스터 프로모션이 시작됩니다 암웨이 치약,칫솔",20230513,https://blog.naver.com/seohs9509/223100983800
암웨이글리스터 치약 사용 후기,20240129,https://blog.naver.com/pppp8989-/223336973791
암웨이 글리스터 치약 후기,20220315,https://blog.naver.com/jbs4431/222672168670
암웨이치약 10년 넘게 사용하는 이유,20240125,https://blog.naver.com/dmstj5855/223333899937
암웨이 프리워시 세탁 세제 어디서사? 지금 사야할때,20250307,https://blog.naver.com/priceton/223787513962
암웨이치약 전 세계에서 인기 폭발? 자세하게 알아보기,20231214,https://blog.naver.com/xieqnq8843/223292508227
암웨이 글리스터치약,20250601,https://blog.naver.com/red610/223885045090
암웨이 치약/글리스터/글리스터 프로액션 컴플리트 치약/온가족... ,20230520,https://blog.naver.com/1190mm/223107038218
치약은 역시...암웨이 글리스터 르미낙트 플로라이드 치약/칫솔... ,20180213,https://blog.naver.com/mukwang79/221208065630
암웨이 치약 글리스터 양치 후 바로 귤 먹었는데 쓴 맛이 안 났다!,20211224,https://blog.naver.com/taijiaa/222603373099
"자주구매(신사양말,액스 AXE 바디 샤워젤, 암웨이 치약, 쿨텍... ",20190902,https://blog.naver.com/nellkc/221636282205
암웨이 치약,20230318,https://blog.naver.com/sunhwa9790/223048562229
[치약추천] 암웨이 글리스터 치약 사용후기,20190222,https://blog.naver.com/gkswlstlf123/221472122639
암웨이 치약 &amp; 암웨이 칫솔,20230529,https://blog.naver.com/snowplay7/223114410773
우리집 치약추천!! 암웨이 글리스터,20150911,https://blog.naver.com/touchground/220478332320
암웨이 글리스터 치약 다른 치약과 다른 이유,20240130,https://blog.naver.com/dmstj5855/223338719680
암웨이 글리스터 치약 진짜 vs 가짜 구분법,20211226,https://blog.naver.com/inrichkim/222605221012
"암웨이 치약  정품 구매 하는 방법, 글리스터 추천",20241017,https://blog.naver.com/rin_i96/223623154143
암웨이 글리스터 치약 불소 함량 성분 비교 후기,20240531,https://blog.naver.com/misssong720/223464341347
칭찬받은 칠순 행사 답례품 암웨이 주방세제 디쉬드롭스+치약 세트,20240128,https://blog.naver.com/misomompj/223336559798
"2023, 암웨이 치약이 새롭게❣️ 바뀝니다 - 국민치약... ",20230329,https://blog.naver.com/fkrud8296/223058889094
암웨이 글리스터 치약 성분 리얼 구매후기,20161026,https://blog.naver.com/yasihendu/220845750072
암웨이 치약 뚜껑 리뉴얼,20240204,https://blog.naver.com/teresiahj/223343600483
암웨이 치약: 구강 건강을 위한 혁신적인 솔루션,20240726,https://blog.naver.com/ansalstjr1/223526602708
암웨이치약 글리스터,20231205,https://blog.naver.com/luckyjoe9/223283319204
암웨이 치약,20060702,https://blog.naver.com/planck88/10005771144
암웨이 글리스터 치약,20150123,https://blog.naver.com/0214lsa/220249895266
[암웨이] 글리스터 치약&amp;칫솔 (멀티액션 플로라이드),20130820,https://blog.naver.com/snob_dh/20194151273
"암웨이 치약 성분, 본사 직배송 비회원 구매 방법",20250109,https://blog.naver.com/rin_i96/223720774762
칫솔걸이치약디스펜서암웨이치약도 맞아요,20220519,https://blog.naver.com/dho0622/222738846812
글리스터 암웨이치약 다른건못쓰겠네요,20160928,https://blog.naver.com/yoohanhanbok/220822928236
암웨이 치약도 주문제한 걸려있어서 미리 미리 사둬요,20211229,https://blog.naver.com/seohs9509/222607489641
암웨이 글리스터 치약,20210124,https://blog.naver.com/lsm2171/222217974225
암웨이 치약을 꼭 써야만 하는 이유?,20230812,https://blog.naver.com/bae7579/223181704977
4월말에 눈발?  만큼 미친 암웨이 치약매출,20200421,https://blog.naver.com/amwaymoojong/221921376113
암웨이치약 인기 있는 국민치약인 이유 있겠죠?,20190820,https://blog.naver.com/mint1900/221622607638
암웨이 치약 : 글리스터 치약 구입&amp;사용 후기!!,20170106,https://blog.naver.com/zlove_nani/220904142668
티몬 - 암웨이 글리스터치약 짝퉁 사고 환불 진행 중.... (정품... ,20220318,https://blog.naver.com/bsj0023/222675877317
강동구암웨이 :: 반짝반짝 #국민치약 #글리스터,20231103,https://blog.naver.com/mj9241004/223254641589
"덴티스테 치약 후기) 입냄새, 텁텁함 잡아주나.. 암웨이 치약과... ",20181219,https://blog.naver.com/say7915/221422362089
암웨이 글리스터 치약 짝퉁으로 의심 되는 치약이 있습니다.,20250318,https://blog.naver.com/agent172416/223801240348
"암웨이 암웨이글리스터치약200-gram, 4개, 200-gram 강력 추천",20250303,https://blog.naver.com/dstst264/223781990264
이벤트 선물 후기 : 암웨이 글리스터 치약 칫솔 선물세트(feat... ,20220618,https://blog.naver.com/stella_eight/222778144340
암웨이 치약~,20100420,https://blog.naver.com/girl__3/120105854963
암웨이치약 짝퉁말고 암웨이공식사이트에서 구매하세요,20220801,https://blog.naver.com/kkong_s2/222836644910
살아 움직이는 암웨이 글리스터 르미낙트 프로라이드 치약,20201227,https://blog.naver.com/ohyoungok1/222186712051
국민치약 암웨이 글리스터 치약으로 자유를 얻다,20210629,https://blog.naver.com/papeceo/222414296278
새로워진 암웨이 치약 구강건강 지키미,20230615,https://blog.naver.com/mtmt1277/223130046503
암웨이치약 짝퉁 조심하세요!...(feat.글리스터),20220316,https://blog.naver.com/kkariddalgi/222673445497
이제서야 써보는 암웨이에서 가장 알아주는 치약에 반하다... ,20240612,https://blog.naver.com/chooo__eee/223477397138
국민템. 암웨이치약,20210714,https://blog.naver.com/asdf2678/222431385601
암웨이 치약매출 이번달엔 4월의 눈만큼 미쳤다,20200421,https://blog.naver.com/papeceo/221921468650
암웨이 치약 구강청결제 글리스터 신제품 공유 회원가입... ,20230619,https://blog.naver.com/junkeyimp2/223133032988
암웨이 치약 글리스터,20200904,https://blog.naver.com/chichef/222080452000
암웨이 치약 쓰다가 갈아탄 이유,20211009,https://blog.naver.com/onna11/222532064060
"암웨이 치약,칫솔 _ 암웨이 글리스터",20150610,https://blog.naver.com/bsblove7/220386086287
"암웨이 암웨이글라스터치약 치약, 200-gram, 12개",20241215,https://blog.naver.com/z32sr4q1/223694024000
"암웨이 여행용 치약,칫솔 세트",20230720,https://blog.naver.com/seohs9509/223161493396
치약 추천~ 암웨이 글리스터 치약,20201007,https://blog.naver.com/lim_inspirit/222109528257
암웨이 치약 첫구매 ~!,20221204,https://blog.naver.com/doojoon2/222945983155
진주점/택배가능/천연치약/아르지탈치약/암웨이치약,20190724,https://blog.naver.com/wlsgml2663/221594264570
"[치약추천]글리스터암웨이치약,국민치약인건가!!!!",20200406,https://blog.naver.com/ej4713784/221893289943
Glister 글리스터. 일명 암웨이치약,20091231,https://blog.naver.com/chamhugi/140097780153
최애템 가족 치약 [암웨이]글리스터 프로 액션 컴플리트 치약,20240223,https://blog.naver.com/psy121311/223362614894
암웨이 치약 글리스터로 프라그를 부드럽게 제거해보세요,20220804,https://blog.naver.com/moneypi/222839516707
"암웨이 글리스터 치약 23년 리뉴얼 (정품,가품) 짝퉁조심!!!",20230619,https://blog.naver.com/guswn7478/223132394437
충치로 부터 자유롭게 국민치약 암웨이 치약 Fight... ,20220912,https://blog.naver.com/papeceo/222872681517
암웨이치약 암웨이칫솔 글리스터 2개월동안 사용한 내돈내산... ,20220624,https://blog.naver.com/youth-m/222787682982
주문한 암웨이 치약이 도착했네요,20211109,https://blog.naver.com/seohs9509/222562881097
암웨이 치약 글리스터 가격,20190715,https://blog.naver.com/rolex_-/221580214080
"잇몸병에 좋은 전문 치약 추천 BEST 3 - 암웨이, 에톤치약... ",20220717,https://blog.naver.com/jayhol916/222814727260
암웨이 치약 리뉴얼 마음에 쏙! 우리가족 평생치약 암웨이... ,20230722,https://blog.naver.com/infobank270/223163365504
"암웨이 암웨이글라스터치약 치약, 200g, 12개",20241109,https://blog.naver.com/nsk37re5/223653002609
암웨이 구강케어제품 치약 칫솔 싸게 사는법,20200630,https://blog.naver.com/papeceo/222016428671
"암웨이 글리스터 치약, 칫솔 티몬 딜에 올라와서 난리네...",20140928,https://blog.naver.com/lui3336/220135385778
"모르면 손해 암웨이 암웨이글리스터치약200-gram, 4개, 200... ",20250304,https://blog.naver.com/dstst264/223783628913
"암웨이 치약 가격, 가짜 피하는 구매 방법",20241116,https://blog.naver.com/yourgienie/223663218754
"암웨이 암웨이글리스터치약200-gram, 4개, 200-gram 를... ",20250219,https://blog.naver.com/plethor29692/223765402625
"구매욕구 상승 암웨이 암웨이글리스터치약200-gram, 4개... ",20250228,https://blog.naver.com/zrckwqf276/223777305720
암웨이 치약 프로모션 구매했어요,20230518,https://blog.naver.com/seohs9509/223105722656
"암웨이 글리스터 치약 리뷰, 구강청결에 좋은 상쾌한 치약... ",20231124,https://blog.naver.com/tyco05/223274116570
암웨이치약: 명품의 귀환,20231222,https://blog.naver.com/foette/223300592458
암웨이 치약&amp;칫솔,20220725,https://blog.naver.com/ojy8282/222828137096
"암웨이치약 정품,짝퉁 구별하기",20211129,https://blog.naver.com/mrkong25/222581634284
암웨이 치약 좋다길래 주문했어요 초등학생 아이와함께 사용해요,20230813,https://blog.naver.com/yaong0528/223182816952
"암웨이 암웨이글리스터치약200-gram, 4개, 200-gram 찐 리뷰... ",20241212,https://blog.naver.com/wahafcwk/223691330709
암웨이 치약이 리뉴얼 되 나오네요,20230428,https://blog.naver.com/seohs9509/223087709418
"암웨이 치약 3년 째 사용 중, 불편한 점/좋은 점",20220219,https://blog.naver.com/jeberly/222651746872
"암웨이 암웨이글리스터치약200-gram, 4개, 200-gram... ",20241211,https://blog.naver.com/3dmeghb7/223689316071
5년 동안 사용해온 #암웨이 치약 #Amway 현재까지 꾸준히... ,20220830,https://blog.naver.com/yejini1226/222862311468
"[인기] 암웨이 암웨이글리스터치약200-gram, 4개, 200-gram... ",20250320,https://blog.naver.com/every-3000/223804164422
"암웨이치약, 코로나19로 시누이 만나지 못해 직접 주문했어요.",20210323,https://blog.naver.com/qkrguswn2000/222285315035
답답해서 글써요!! : 암웨이치약 그냥 암웨이회사에서 직접사세요!!,20230216,https://blog.naver.com/richchoice_/223017461319
암웨이/치약 추천/글리스터 치약 추천,20180405,https://blog.naver.com/alwydl1230/221245916151
암웨이 칫솔 암웨이 치약 후기,20151101,https://blog.naver.com/baroque1750/220525573529
암웨이치약/글리스터/암웨이제품,20120512,https://blog.naver.com/looop1225/60162295340
[내돈내산]건강한 치아를 위한 치약 : 암웨이... ,20201012,https://blog.naver.com/mana826/222113292708
오늘도 암웨이치약을 30여개 전해주었네요,20200423,https://blog.naver.com/papeceo/221924825010
상쾌한 입안을 위한 선택-암웨이 치약,20210712,https://blog.naver.com/lhmsj/222428189370
"암웨이치약의 효과, 사용방법, 그리고 구입방법 알아보기",20240207,https://blog.naver.com/foette/223347051577
암웨이치약: 충치치료에 도전하는 최고의 선택,20231222,https://blog.naver.com/foette/223300591262
"암웨이 암웨이글리스터치약200-gram, 4개, 200-gram 실사... ",20241219,https://blog.naver.com/w2qpg49g/223698880591
암웨이사업 정말 쉬워요? (feat.생필품 바꿔쓰기 실천 1~10),20250126,https://blog.naver.com/korea_realestate/223739549399
암웨이치약: 최고의 구강 위생을 위한 완벽한 선택,20231222,https://blog.naver.com/foette/223300590017
/어바웃올리 만모 임산부칫솔 추천 / 암웨이치약,20231012,https://blog.naver.com/limso200/223235146709
암웨이후원자번호 7011108692  치약 구매하기,20220415,https://blog.naver.com/bhj9955/222701977103
글리스터 프로액션 컴플리트 치약 -  암웨이 치약 좋은거 모르는... ,20240515,https://blog.naver.com/rayrehouse/223447587886
암웨이치약 구강청결관리 치아건강 구취예방 글리스터 !! 치약... ,20220318,https://blog.naver.com/ssiiip1000/222676253093
치약추천 암웨이치약으로 구강관리 기본챙기자,20201125,https://blog.naver.com/70victory/222154115533
"암웨이 글리스터 프로액션 컴플리트 치약, 10개, 200-gram... ",20241203,https://blog.naver.com/ymb2k6oh/223681615797
"[암웨이추천] 암웨이바디로션, 암웨이헤어세럼, 암웨이치약... ",20220201,https://blog.naver.com/thdus379/222636100167
[암웨이 치약] 글리스터 르미낙트 플로라이드 치약,20190920,https://blog.naver.com/denhy1230/221653817459
암웨이 글리스터 치약 성분 가격,20240617,https://blog.naver.com/3x71awey/223482215900
암웨이 글리스터 치약 200g... 만나보세요  암웨이 치약 세트... ,20241017,https://blog.naver.com/ddiw29602/223622966127
제발 암웨이치약 인터넷에서 비싸게 사지 마세요! 그렇다고... ,20210404,https://blog.naver.com/ohyoungok1/222297886777
"암웨이 암웨이글리스터치약200-gram, 4개, 200-gram 를... ",20250306,https://blog.naver.com/drzkzaft72436/223785203576
암웨이 글리스터 치약 성분 자세히 살펴보면?,20241215,https://blog.naver.com/hanmj107/223694585520
암웨이치약 가짜 조심하세요 ~!!,20211227,https://blog.naver.com/jhboodongsan/222605645202
인기치약 : 암웨이 글리스터 르미낙트 플로라이트 치약... ,20210111,https://blog.naver.com/ej4713784/222203836956
"암웨이 암웨이글라스터치약 치약, 200-gram, 12개",20241215,https://blog.naver.com/zttwgp9p/223694312223
암웨이의 글리스터 치약 칫솔 리뷰,20200421,https://blog.naver.com/binjunsarang/221920967970
암웨이 abo 번호 (암웨이 추천템),20240313,https://blog.naver.com/iceman847/223381758733
"크리스마스 선물로 암웨이 치약,칫솔 여행용 세트 준비했어요",20231206,https://blog.naver.com/seohs9509/223284161358
"내가 열심히 챙겨 먹는 비타민 정리 (암웨이 비타민, 암웨이 치약)",20220911,https://blog.naver.com/hyelee7607/222869325878
내돈내산 상쾌한 치약 추천 암웨이 글리스터 프로액션... ,20230610,https://blog.naver.com/qkrdntkfkd/223125072359
품절대란 어렵게 구한 암웨이치약 글리스터 치약 추천해요,20210115,https://blog.naver.com/gongs7/222208686182
"암웨이 암웨이글리스터치약200-gram, 4개, 200-gram... ",20250207,https://blog.naver.com/diminished21383/223751213849
"&quot;충치 심해서 많은 치약 사용해봤지만, 암웨이 치약이 최고인... ",20240207,https://blog.naver.com/foette/223347031070
암웨이치약으로 가장 효과적으로 치료하는 '충치최고' 방법,20231222,https://blog.naver.com/foette/223300593624
암웨이 치약♡,20190614,https://blog.naver.com/clzkclzk85/221561932795
암웨이여행용치약 소개 구입방법,20211212,https://blog.naver.com/xsenergy/222593382974
"불소 치약, 암웨이 치약,글리스터 치약",20200809,https://blog.naver.com/lhmsj/222055552065
세계 판매 1위 암웨이 치약 프로모션,20240519,https://blog.naver.com/mshine0/223451087978
암웨이 치약과 세제♪♬,20170902,https://blog.naver.com/lavender029/221087976095
"암웨이 치약 가짜 구별하는... 체크리스트 | 암웨이, 치약, 가짜... ",20241003,https://blog.naver.com/v7f9au17/223605497371
[암웨이치약] 글리스터?? 왜 좋지??,20220129,https://blog.naver.com/fkrud8296/222634750062
"[인기] 암웨이 암웨이글리스터치약200-gram, 4개, 200-gram... ",20250211,https://blog.naver.com/every-3000/223757142641
암웨이 치약 구매방법 후원자번호7010857477,20220317,https://blog.naver.com/kawasami80/222675391830
암웨이 글리스터 치약만 한 게 없네요!,20200624,https://blog.naver.com/park780096/222010683505
암웨이치약&amp;애터미치약 안전할까(이 성분이 들어 있다고?),20220828,https://blog.naver.com/yjyj123baek/222860386597
상쾌한 암웨이 치약 특징 사용방법,20201206,https://blog.naver.com/hr7902/222164565416
"암웨이 암웨이글리스터치약200-gram, 4개, 200-gram 가격... ",20241224,https://blog.naver.com/zmhwwcme/223703676178
"애터미 바디리치 + 프로폴리스 치약, 암웨이 g&amp;h바디로션... ",20140406,https://blog.naver.com/glister0219/10188870577
암웨이 치약 썼지만 바꿨어요,20201217,https://blog.naver.com/iszp93/222176864783
암웨이 치약 glister 구매 후기,20190715,https://blog.naver.com/land-agent/221580214866
암웨이 치약 참 좋네요...,20150910,https://blog.naver.com/bvcm61xw41/220477940392
"암웨이 글리스터 프로액션 컴플리트 치약, 10개, 200-gram... ",20241221,https://blog.naver.com/px37enff/223700785290
"암웨이 치약, 글리스터치약  직접 써본  솔직후기",20200522,https://blog.naver.com/mygreatsophia56/221974109417
암웨이치약vs덴티스테vs제니튼치약,20210929,https://blog.naver.com/myhandmade2798/222521089900
"암웨이 글리스터(glister) 칫솔, 치약 가족 모두 만족해요!",20161001,https://blog.naver.com/ik102001/220825249834
글리스터 암웨이 치약 &amp; 칫솔,20150404,https://blog.naver.com/raniraja/220320142014
"A STATION 센터 방문 후기(암웨이치약,암웨이샴푸,25센트라이드)",20231015,https://blog.naver.com/lim_byeongok/223237430707
아이들 암웨이 치약 쓰고 치과를 잘 안가요.^^,20200302,https://blog.naver.com/gojohn153/221834030639
임산부 치약 암웨이 글리스터 치약 구강청결제 뷰카 365... ,20240609,https://blog.naver.com/honghungsweddinglog/223473875011
암웨이 치약 프로모션이 있어서 구매했어요,20220319,https://blog.naver.com/seohs9509/222677516316
"암웨이 암웨이글리스터치약200-gram, 4개, 200-gram... ",20241219,https://blog.naver.com/bhhgnion/223699237471
암웨이 치약 구입방법 (무료회원가입),20211128,https://blog.naver.com/xsenergy/222581140619
전세계 판매1위 암웨이 글리스터 르미낙트 플로라이드 치약... ,20230201,https://blog.naver.com/kkozzarri/223002428418
글리스터 국민치약 캠페인: 암웨이치약 50%할인... ,20180405,https://blog.naver.com/betty781031/221245246652
13년째 사용중인 암웨이치약 글리스터치약 100%암웨이정품,20210330,https://blog.naver.com/ahreum0118/222292487698
한번쯤은 다 써본 국민치약 암웨이치약 무료배송 받아보아요,20200520,https://blog.naver.com/arim0130/221971421120
암웨이 치약 1달 사용후기~~,20170420,https://blog.naver.com/a984es/220988138372
암웨이 치약 10년간 써본 솔직한 리뷰 이야기,20210702,https://blog.naver.com/styleflex/222417182408
암웨이 치약 사용 후기,20201207,https://blog.naver.com/park23375/222166268618
Amway 암웨이 회원가입 구매 방법 치약 샴푸 생필품,20220128,https://blog.naver.com/kojysky414/222633775102
암웨이 치약 좋지만 아쉬웠던 이유,20211013,https://blog.naver.com/gsgold80/222535855673
암웨이 치약 200g 암웨이 글리스터 치약 후기,20210325,https://blog.naver.com/choizeun/222286327741
TITAD 티타드 프레시 브레스 치약 암웨이와 비교해본 후기,20220406,https://blog.naver.com/tkdgus8731/222692879021
암웨이 글리스터 르미낙트 플로라이드 치약  : 암웨이 효자상품... ,20181201,https://blog.naver.com/wusl0608/221410219649
복남이필수품(암웨이치약/멜라루카리뉴로션/뉴스킨미스트... ,20140126,https://blog.naver.com/kkyyjj40/100204362908
【암웨이제품】 퍼스널 케어 제품 - 암웨이 글리스터 치약,20191203,https://blog.naver.com/dokki119/221725278801
"암웨이 7월 프로모션, 제품 저렴하게 구매하는 방법",20250705,https://blog.naver.com/honest-shop/223922360921
티몬 가품 환불완료 암웨이 치약 짝퉁 후기,20220323,https://blog.naver.com/bsj0023/222680964629
암웨이 글리스터 치약 200g: 미백 효과와 시린이 케어가... ,20241025,https://blog.naver.com/treachgloved71/223633305867
뷰카 클래식 고불소 구취케어 치약,20250526,https://blog.naver.com/kdffesdt/223878470843
전달되는 암웨이 글리스터 르미낙트 플로라이드 치약 12개... ,20200828,https://blog.naver.com/ohyoungok1/222073365440
[글리스터치약] 암웨이치약/치약추천/순한치약/치약구매,20210727,https://blog.naver.com/mmm2keys/222447817710
"치약추천 , 암웨이 글리스터 치약 솔직후기",20170405,https://blog.naver.com/sunshine1346/220976169821
암웨이 치약 주문에 행복 합니다,20220510,https://blog.naver.com/seohs9509/222727518866
글리스터 암웨이 치약 성분 상쾌한 향~!,20161027,https://blog.naver.com/hrime/220846656690
암웨이 치약 최고~ fr.쁜데렐라님,20160916,https://blog.naver.com/lips1975/220813337157
암웨이 강원 강릉센터에서 치약 등 제품구입,20220104,https://blog.naver.com/xsenergy/222612906387
암웨이 치약 글리스터 강하지않고 좋아요.,20170329,https://blog.naver.com/nsh223486/220970350796
"암웨이 암웨이글리스터치약200-gram, 4개, 200-gram... ",20241211,https://blog.naver.com/07l48k15/223690361316
"암웨이 식기세정 디쉬드랍스, 제대로 된 사용방법",20250704,https://blog.naver.com/honest-shop/223921159997
창녕 암웨이 치약 내 돈 내산 제품 생생 후기,20210312,https://blog.naver.com/tjdk0910/222272394755
암웨이글리스터 치약 성분 꼼꼼히보고~,20161026,https://blog.naver.com/songey807/220845805388
치약칫솔 선물세트(암웨이 중저가 추석선물 세트),20210911,https://blog.naver.com/funnymino/222502310630
암웨이 칼맥D 240정 + 페리오 치약 증정! 뼈 건강 지키는 똑똑한... ,20241102,https://blog.naver.com/u1z5gj/223643605254
암웨이치약   글리스터 르미낙트 플로라이드 치약,20180112,https://blog.naver.com/csw1064/221183484545
암웨이 치약 프로모션,20220316,https://blog.naver.com/comfort_son/222674470505
암웨이치약후기,20150406,https://blog.naver.com/dididlwlsghk/220321963466
암웨이글리스터치약 입냄새제거 효과 와 치약 성분및 가격,20200706,https://blog.naver.com/dmsud25/222022308067
암웨이치약 우리가족의 선택,20200414,https://blog.naver.com/bankarme/221907380319
"1위 덴티스테 치약, 2위 암웨이 치약, 3위 센소다인 치약",20221215,https://blog.naver.com/koocci/222956248180
남악 목포 암웨이 치약 글리스터 내돈내산 후기,20220721,https://blog.naver.com/tjsalqkqhdi/222823038212
암웨이 글리스터 치약 오래 써봤지만...,20210120,https://blog.naver.com/gsgold80/222213628224
암웨이 치약 성분과 효능 알고 사용하기!!!,20200928,https://blog.naver.com/suna_hatukoi/222101778304
암웨이 치약 주문이 들어왔어요,20220224,https://blog.naver.com/seohs9509/222656865402
암웨이 치약 글리스터 성분과 장단점은 무엇?,20201111,https://blog.naver.com/1000xy/222141854403
암웨이 치약 괜찮았습니다.,20170125,https://blog.naver.com/a984es/220919970907
암웨이 글리스터 치약과 칫솔 비추천 후기,20230722,https://blog.naver.com/newbene/223163127271
암웨이치약 선물용 받았답니다~,20160208,https://blog.naver.com/ddungs9262/220621252419
암웨이 치약 구입하기 위해 인천 오프라인 매장에 왔어요,20210724,https://blog.naver.com/kjmpt0/222443648863
미백과 입냄새제거에 좋은 암웨이치약,20210221,https://blog.naver.com/krkroioi0908/222251374407
암웨이 글리스터 치약 내돈내산 사용해본 후기 추천,20210414,https://blog.naver.com/soyoun133/222309815247
암웨이 글리스터 치약 칫솔 - 집들이 명절 추석 선물로 추천,20210905,https://blog.naver.com/sara-gong/222496003899
암웨이 글리스터 치약 사용해보신분?,20200214,https://blog.naver.com/kmcgoodday/221809419295
크리스마스 선물용 암웨이 치약 포장 중,20211219,https://blog.naver.com/amwaymoojong/222599291640
암웨이 치약이 특별한 이유 똑바로 서 있는 치약,20201123,https://blog.naver.com/imsekwang/222152541891
"암웨이 글리스터 프로액션 컴플리트 여행용 치약, 50g, 6개",20250304,https://blog.naver.com/ovupbhrbjae/223783086652
"암웨이 치약, 칫솔 깜짝 프로모션 소식",20230206,https://blog.naver.com/kimrobin21/223006797217
"암웨이 추천제품:) 치약,마우스스프레이",20161217,https://blog.naver.com/wlsgml1434/220888174231
개운한 치약 추천 암웨이치약 글리스터 리뷰,20210104,https://blog.naver.com/hosooni00/222196381292
부산 암웨이 사업설명 강의록,20240424,https://blog.naver.com/daisykim1987/223425629648
암웨이 글리스터 치약,20200317,https://blog.naver.com/jdaum26/221857268429
암웨이 치약 &amp; 염색약,20241015,https://blog.naver.com/onlyamway_/223619502759
암웨이 치약 추천드려요~,20200405,https://blog.naver.com/znxm_78/221891549529
암웨이 치약::글리스터 르미낙트 플로라이드 치약(암웨이no.... ,20210514,https://blog.naver.com/fanny0517/222351377847
암웨이 치약 사용 후 솔직한 후기!,20191202,https://blog.naver.com/khy882/221724046400
암웨이 치약 논란 이걸로 끝내겠습니다.,20201030,https://blog.naver.com/kimyonghwe/222130669804
건강한 구강관리을 위한 암웨이 글리스터 치약.,20150325,https://blog.naver.com/sxzmk90/220310254498
암웨이 치약,20121118,https://blog.naver.com/jan029/80173958275
암웨이 글리스터 치약 칫솔 짝꿍 캐미,20190903,https://blog.naver.com/spair00/221637873300
암웨이  #치약 #더블엑스 #샴푸 #세제 #정수기필터... ,20220225,https://blog.naver.com/ohyoungok1/222657269558
암웨이 12월 세일 정보,20231203,https://blog.naver.com/daisykim1987/223281317208
암웨이 치약 품절 구매방법,20201225,https://blog.naver.com/comfort_son/222185033737
"구강건강을 생각한다면, 암웨이 치약",20201103,https://blog.naver.com/9038812g/222133844355
암웨이- 글리스터(Glister) 치약을 소개합니다.,20210609,https://blog.naver.com/goochoi/222391006509
글리스터 프로액션 컴플리트 치약 [암웨이],20250505,https://blog.naver.com/plm5330/223856311346
암웨이:)글리스터 가글+치약선물♡/세종시는 제 친구에게~ㅎ,20170310,https://blog.naver.com/rnlstem/220955173300
암웨이 글리스터 르미낙트 플로라이드 치약 상쾌한 마무리,20200516,https://blog.naver.com/5ivecolors/221963516917
"암웨이 치약, 최고의 치약",20230515,https://blog.naver.com/wjaehdrh/223102622883
"암웨이 암웨이글리스터치약200-gram, 4개, 200-gram... ",20241219,https://blog.naver.com/u0hh01qb/223699465273
:-) 암웨이 추천 글리스터치약,20181201,https://blog.naver.com/pineapple629/221410012256
암웨이 치약 사용해본 리얼후기^^,20171030,https://blog.naver.com/etddubu00/221128961473
암웨이치약 글리스터치약,20190105,https://blog.naver.com/hosomom1111/221434866341
암웨이 설날 선물세트 프로모션,20240118,https://blog.naver.com/daisykim1987/223325865578
"암웨이ABO회원가입 PV, BV, 쇼핑몰 구매",20220715,https://blog.naver.com/my1002/222813192729
아세로라C 비타민 글리스터 치약 등 암웨이쇼핑몰 주문,20170626,https://blog.naver.com/rolly_rolly/221037458318
글리스터 암웨이 치약 요거 괜찮은거 같아요~^^,20160827,https://blog.naver.com/k984984/220797737249
엔치약? 노우!~! 암웨이 치약,20240926,https://blog.naver.com/us0085/223593242588
암웨이 글리스터 치약 왜좋을까?? 회원가입 후원자번호 추천,20220710,https://blog.naver.com/jieun0112/222806228857
"암웨이 치약, 왜 1위인가 알아보니.....(객관적 조사)",20140724,https://blog.naver.com/joo213/220069850827
암웨이 글리스터 치약 성분 확인 후 바꾼 후기,20240813,https://blog.naver.com/gsgold80/223546536634
"암웨이치약, 글리스터치약 소형 대형 전격비교!! (^_^).",20151022,https://blog.naver.com/55shqguiw4/220516466436
암웨이치약에서 개운한치약으로 바꾼 이야기! (1주일 사용후기),20210129,https://blog.naver.com/uchwi_eng/222223933654
암웨이치약 추천,20221212,https://blog.naver.com/22sukhee/222952942899
"암웨이 치약, 글리스터로 상쾌하게 깨끗하게~",20171215,https://blog.naver.com/nanjini07/221163710343
암웨이 glister 치약 구매!,20201204,https://blog.naver.com/gkfn1379/222163277032
에버미라클 EM 풀라무치약과 암웨이 티타드 비교 리얼 후기,20240903,https://blog.naver.com/tkdgus8731/223570214983
서창2지구 암웨이 국민치약,20190328,https://blog.naver.com/regenrnc/221499523249
"암웨이 암웨이글리스터치약200-gram, 4개, 200-gram 가격... ",20241221,https://blog.naver.com/8v5iqwua/223700790511
암웨이 치약 - 티몬,20180408,https://blog.naver.com/leehtht042/221247570792
암웨이 치약/ 글리스터 치약/ 안심 어린이치약/ 시린이치료... ,20171116,https://blog.naver.com/ruf9453/221141691236
파라벤 치약 과 암웨이 치약 !!! 너는 누구냐??,20180126,https://blog.naver.com/cchoi2082/221194412289
암웨이♡치약칫솔셋트,20210321,https://blog.naver.com/dhdudtl/222282489823
암웨이 치약 가짜 조심하세요!! 새롭게 리뉴얼된 암웨이 제품소개,20230830,https://blog.naver.com/shookjhses/223197547680
"암웨이 치약,글리스터~~~~~~",20190228,https://blog.naver.com/funamway2017/221477160956
암웨이 치약,20110425,https://blog.naver.com/sawstar/130107467901
[부천 오정동 암웨이] 암웨이  치약 후기 :: 글리스터 치약,20200910,https://blog.naver.com/rwg675/222085820925
"1위 덴티스테 치약, 2위 암웨이 치약,  3위 센소다인 치약",20230116,https://blog.naver.com/koocci/222985673095
암웨이 회원가입 후원자 ABO번호 암웨이 치약 이벤트 추천,20181201,https://blog.naver.com/uchicshop/221410059235
암웨이치약 글리스터치약 아이들도 함께써요:) 직적구매후기,20191111,https://blog.naver.com/1day1house/221704123774
암웨이치약 아이도 같이 써요!,20170421,https://blog.naver.com/copspa44/220988648163
암웨이 치약 글리스터 4년째 사용해보니,20171107,https://blog.naver.com/mindc89/221134853706
피나는잇몸!! 다 드루와~ 드루와ㅡ암웨이 치약(글리스터.국민치약),20201117,https://blog.naver.com/lejlej1205/222146218983
치아 관리 암웨이 글리스터 치약 사용 후기 암웨이 치약 추천,20210203,https://blog.naver.com/goya0923/222230915749
암웨이 글리스터 치약 받았어요^^,20140121,https://blog.naver.com/treasure0813/100204048621
"암웨이 암웨이글리스터치약200g, 후기를 적었어요",20240924,https://blog.naver.com/sobikun/223594974689
(암웨이 치약) 글리스터 치약,20120114,https://blog.naver.com/ghkwk41/148252628
워터맨추천 암웨이 선물세트... 안산선물용품 암웨이치약세트... ,20241209,https://blog.naver.com/waterq/223686949434
암웨이 치약 글리스터 사용후기- 치약추천,20170630,https://blog.naver.com/1j89j1/221040624006
암웨이치약 만큼 유명한 호주직구 시니케어치약 프로폴리스치약,20191002,https://blog.naver.com/kusl4086/221665968369
[글리스터 치약]암웨이 글리스터(glister) 국민치약 캠페인/50... ,20180430,https://blog.naver.com/taohao7/221264345806
"암웨이 생필품 치약,비누,바디로션 강추!!",20160428,https://blog.naver.com/mingkyuc/220695018663
암웨이 치약 브랜드 1위,20190106,https://blog.naver.com/slanghaz/221435384655
국민치약 암웨이 글리스터 치약 공동구매로 제일 저렴하게... ,20241009,https://blog.naver.com/saesung2/223612815779
"암웨이 치약, 바디로션 솔직 리뷰  좋은점과 아쉬운점!",20170210,https://blog.naver.com/easyzzng/220932247649
"[암웨이] 글리스터치약, 암웨이치약, 글리스터칫솔... ",20131014,https://blog.naver.com/banana_1234/90182397938
크리스마스에 작은선물로 암웨이치약.칫솔셋트를~~~,20201217,https://blog.naver.com/seohs9509/222176737075
암웨이 글리스터 치약과 칫솔,20160619,https://blog.naver.com/kju1516/220740189514
암웨이 상품~~치약/바디로션,20120524,https://blog.naver.com/tnrud0829/158405362
암웨이 글리스터 치약이 좋은 이유?,20181019,https://blog.naver.com/98366448/221381127715
암웨이글리스터치약 200g 효과적인 구강 건강을 위한 선택... ,20241023,https://blog.naver.com/doojm86x/223629754584
[암웨이글리스터]치약프로모션할인받아쓰세요.(무료배송),20200702,https://blog.naver.com/ej4713784/222019195075
암웨이설선물세트 치약과 식기세정제세트,20220119,https://blog.naver.com/xsenergy/222625496528
암웨이 치약 과치솔 추천 합니다!,20141023,https://blog.naver.com/queeralice/220159191154
온가족 무불소 치약 / 그란츠 치약과 암웨이 치약 비교,20190516,https://blog.naver.com/piki5/221539358050
[ 암웨이 ] 세탁세제&amp;치약이 배달왔어요,20150703,https://blog.naver.com/wns140124/220409036844
암웨이 암웨이글리스터치약 200g  장단점 분석 및 선택 가이드,20241116,https://blog.naver.com/s1s4uq15/223662452131
암웨이치약 구강제품 암웨이후원자번호ABO,20180202,https://blog.naver.com/kgelec/221199777503
암웨이치약 글리스터는 저자극의 부드럽고 게운한느낌!,20190727,https://blog.naver.com/dgrecycle1121/221597491288
